[
    {
        "repository": "https://github.com/spring-projects/spring-framework.git",
        "sha1": "3d7ef3ebfc5be645730e2e1d601ccf5799bdf7cd",
        "url": "https://github.com/spring-projects/spring-framework/commit/3d7ef3ebfc5be645730e2e1d601ccf5799bdf7cd",
        "move_method_refactoring": {
            "type": "Extract And Move Method",
            "description": "Extract And Move Method public hasCacheOperations(method Method, targetClass Class<?>) : boolean extracted from public matches(method Method, targetClass Class<?>) : boolean in class org.springframework.cache.interceptor.CacheOperationSourcePointcut & moved to class org.springframework.cache.interceptor.CacheOperationSource",
            "leftSideLocations": [
                {
                    "filePath": "spring-context/src/main/java/org/springframework/cache/interceptor/CacheOperationSourcePointcut.java",
                    "startLine": 54,
                    "endLine": 58,
                    "startColumn": 2,
                    "endColumn": 3,
                    "codeElementType": "METHOD_DECLARATION",
                    "description": "source method declaration before extraction",
                    "codeElement": "public matches(method Method, targetClass Class<?>) : boolean"
                },
                {
                    "filePath": "spring-context/src/main/java/org/springframework/cache/interceptor/CacheOperationSourcePointcut.java",
                    "startLine": 56,
                    "endLine": 57,
                    "startColumn": 3,
                    "endColumn": 98,
                    "codeElementType": "RETURN_STATEMENT",
                    "description": "extracted code from source method declaration",
                    "codeElement": null
                }
            ],
            "rightSideLocations": [
                {
                    "filePath": "spring-context/src/main/java/org/springframework/cache/interceptor/CacheOperationSource.java",
                    "startLine": 55,
                    "endLine": 65,
                    "startColumn": 2,
                    "endColumn": 3,
                    "codeElementType": "METHOD_DECLARATION",
                    "description": "extracted method declaration",
                    "codeElement": "public hasCacheOperations(method Method, targetClass Class<?>) : boolean"
                },
                {
                    "filePath": "spring-context/src/main/java/org/springframework/cache/interceptor/CacheOperationSource.java",
                    "startLine": 64,
                    "endLine": 64,
                    "startColumn": 3,
                    "endColumn": 76,
                    "codeElementType": "RETURN_STATEMENT",
                    "description": "extracted code to extracted method declaration",
                    "codeElement": null
                },
                {
                    "filePath": "spring-context/src/main/java/org/springframework/cache/interceptor/CacheOperationSourcePointcut.java",
                    "startLine": 53,
                    "endLine": 57,
                    "startColumn": 2,
                    "endColumn": 3,
                    "codeElementType": "METHOD_DECLARATION",
                    "description": "source method declaration after extraction",
                    "codeElement": "public matches(method Method, targetClass Class<?>) : boolean"
                },
                {
                    "filePath": "spring-context/src/main/java/org/springframework/cache/interceptor/CacheOperationSourcePointcut.java",
                    "startLine": 56,
                    "endLine": 56,
                    "startColumn": 5,
                    "endColumn": 70,
                    "codeElementType": "METHOD_INVOCATION",
                    "description": "extracted method invocation",
                    "codeElement": "this.cacheOperationSource.hasCacheOperations(method,targetClass)"
                }
            ],
            "isStatic": false
        },
        "ref_id": 767,
        "extraction_results": {
            "success": true,
            "newCommitHash": "f9c54082fa2b0487a39fe2ddc4501c859cd22e3c",
            "newBranchName": "extract-hasCacheOperations-matches-219004e"
        },
        "telemetry": {
            "id": "2a574035-d7d0-4981-a313-e32bbb39a936",
            "hostFunctionTelemetryData": {
                "hostFunctionSize": 89,
                "lineStart": 29,
                "lineEnd": 117,
                "bodyLineStart": 29,
                "language": "java",
                "filePath": "/Users/abhiram/Documents/TBE/evaluation_projects/spring-framework/spring-context/src/main/java/org/springframework/cache/interceptor/CacheOperationSourcePointcut.java",
                "sourceCode": "/**\n * A {@code Pointcut} that matches if the underlying {@link CacheOperationSource}\n * has an attribute for a given method.\n *\n * @author Costin Leau\n * @author Juergen Hoeller\n * @author Sam Brannen\n * @since 3.1\n */\n@SuppressWarnings(\"serial\")\nclass CacheOperationSourcePointcut extends StaticMethodMatcherPointcut implements Serializable {\n\n\t@Nullable\n\tprivate CacheOperationSource cacheOperationSource;\n\n\n\tpublic CacheOperationSourcePointcut() {\n\t\tsetClassFilter(new CacheOperationSourceClassFilter());\n\t}\n\n\n\tpublic void setCacheOperationSource(@Nullable CacheOperationSource cacheOperationSource) {\n\t\tthis.cacheOperationSource = cacheOperationSource;\n\t}\n\n\t@Override\n\tpublic boolean matches(Method method, Class<?> targetClass) {\n\t\treturn (this.cacheOperationSource == null ||\n\t\t\t\thasCacheOperations(method, targetClass));\n\t}\n\n\tprivate boolean hasCacheOperations(Method method, Class<?> targetClass) {\n\t\treturn !CollectionUtils.isEmpty(this.cacheOperationSource.getCacheOperations(method, targetClass));\n\t}\n\n\t@Override\n\tpublic boolean equals(@Nullable Object other) {\n\t\treturn (this == other || (other instanceof CacheOperationSourcePointcut that &&\n\t\t\t\tObjectUtils.nullSafeEquals(this.cacheOperationSource, that.cacheOperationSource)));\n\t}\n\n\t@Override\n\tpublic int hashCode() {\n\t\treturn CacheOperationSourcePointcut.class.hashCode();\n\t}\n\n\t@Override\n\tpublic String toString() {\n\t\treturn getClass().getName() + \": \" + this.cacheOperationSource;\n\t}\n\n\n\t/**\n\t * {@link ClassFilter} that delegates to {@link CacheOperationSource#isCandidateClass}\n\t * for filtering classes whose methods are not worth searching to begin with.\n\t */\n\tprivate class CacheOperationSourceClassFilter implements ClassFilter {\n\n\t\t@Override\n\t\tpublic boolean matches(Class<?> clazz) {\n\t\t\tif (CacheManager.class.isAssignableFrom(clazz)) {\n\t\t\t\treturn false;\n\t\t\t}\n\t\t\treturn (cacheOperationSource == null || cacheOperationSource.isCandidateClass(clazz));\n\t\t}\n\n\t\tprivate CacheOperationSource getCacheOperationSource() {\n\t\t\treturn cacheOperationSource;\n\t\t}\n\n\t\t@Override\n\t\tpublic boolean equals(@Nullable Object other) {\n\t\t\treturn (this == other || (other instanceof CacheOperationSourceClassFilter that &&\n\t\t\t\t\tObjectUtils.nullSafeEquals(cacheOperationSource, that.getCacheOperationSource())));\n\t\t}\n\n\t\t@Override\n\t\tpublic int hashCode() {\n\t\t\treturn CacheOperationSourceClassFilter.class.hashCode();\n\t\t}\n\n\t\t@Override\n\t\tpublic String toString() {\n\t\t\treturn CacheOperationSourceClassFilter.class.getName() + \": \" + cacheOperationSource;\n\t\t}\n\n\t}\n\n}",
                "methodCount": 12
            },
            "candidatesTelemetryData": {
                "numberOfSuggestions": 1,
                "candidates": [
                    {
                        "lineStart": 59,
                        "lineEnd": 61,
                        "refactoringType": "MyMoveInstanceMethodRefactoring",
                        "refactoringInfo": "Move method hasCacheOperations to class CacheOperationSource",
                        "description": "Move method hasCacheOperations to org.springframework.cache.interceptor.CacheOperationSource\nRationale: The method `hasCacheOperations` checks for cache operations on a given method and target class, which directly involves the `CacheOperationSource` interface. The `CacheOperationSource` is responsible for sourcing cache operation attributes and has a method `getCacheOperations` that is used within `hasCacheOperations`. Therefore, placing `hasCacheOperations` within `CacheOperationSource` enhances cohesion by keeping related functionality within the same context, making the design more modular and easier to maintain. Moving the method out of its current class is justified if the current class does not pertain directly to cache operations or should not handle the retrieval and checking logic for cache operations.",
                        "couldCreateRefObject": true,
                        "applied": false,
                        "startedRefactoringFlow": false,
                        "undone": false
                    }
                ]
            },
            "iterationData": [
                {
                    "iteration_num": 1,
                    "suggested_move_methods": [],
                    "llm_response_time": 3694
                },
                {
                    "iteration_num": 2,
                    "suggested_move_methods": [
                        {
                            "method_name": "getCacheOperationSource",
                            "method_signature": "private CacheOperationSource getCacheOperationSource()",
                            "target_class": "CacheOperationSourcePointcut",
                            "rationale": "The method getCacheOperationSource() is related to the CacheOperationSourcePointcut class and can be more appropriately placed there to maintain better class cohesion."
                        }
                    ],
                    "llm_response_time": 1639
                },
                {
                    "iteration_num": 3,
                    "suggested_move_methods": [],
                    "llm_response_time": 1462
                },
                {
                    "iteration_num": -1,
                    "suggested_move_methods": [
                        {
                            "method_name": "hasCacheOperations",
                            "method_signature": "private hasCacheOperations(Method method, Class<?> targetClass)",
                            "target_class": "",
                            "rationale": ""
                        }
                    ],
                    "llm_response_time": 0
                },
                {
                    "iteration_num": -2,
                    "suggested_move_methods": [
                        {
                            "method_name": "hasCacheOperations",
                            "method_signature": "private hasCacheOperations(Method method, Class<?> targetClass)",
                            "target_class": "",
                            "rationale": ""
                        }
                    ],
                    "llm_response_time": 0
                }
            ],
            "methodCompatibilityScores": {
                "tf-idf": {
                    "private hasCacheOperations(Method method, Class<?> targetClass)": {
                        "first": {
                            "method_name": "hasCacheOperations",
                            "method_signature": "private hasCacheOperations(Method method, Class<?> targetClass)",
                            "target_class": "",
                            "rationale": ""
                        },
                        "second": 0.45856516533644975
                    }
                },
                "voyage": {
                    "private hasCacheOperations(Method method, Class<?> targetClass)": {
                        "first": {
                            "method_name": "hasCacheOperations",
                            "method_signature": "private hasCacheOperations(Method method, Class<?> targetClass)",
                            "target_class": "",
                            "rationale": ""
                        },
                        "second": 0.6389392461976366
                    }
                }
            },
            "llmMethodPriority": {
                "tf-idf": {
                    "priority_method_names": [],
                    "llm_response_time": 1940
                },
                "tf-idf-5": {
                    "priority_method_names": [],
                    "llm_response_time": 0
                },
                "tf-df-3": {
                    "priority_method_names": [],
                    "llm_response_time": 0
                },
                "voyage": {
                    "priority_method_names": [],
                    "llm_response_time": 0
                },
                "voyage-5": {
                    "priority_method_names": [],
                    "llm_response_time": 0
                },
                "voyage-3": {
                    "priority_method_names": [],
                    "llm_response_time": 0
                }
            },
            "targetClassMap": {
                "hasCacheOperations": {
                    "target_classes": [
                        {
                            "class_name": "CacheOperationSource",
                            "similarity_score": 0.09401721325475351
                        }
                    ],
                    "target_classes_sorted_by_llm": [
                        "CacheOperationSource"
                    ],
                    "llm_response_time": 2270,
                    "similarity_computation_time": 0,
                    "similarity_metric": "cosine"
                }
            }
        }
    },
    {
        "repository": "https://github.com/spring-projects/spring-framework.git",
        "sha1": "3d7ef3ebfc5be645730e2e1d601ccf5799bdf7cd",
        "url": "https://github.com/spring-projects/spring-framework/commit/3d7ef3ebfc5be645730e2e1d601ccf5799bdf7cd",
        "move_method_refactoring": {
            "type": "Extract And Move Method",
            "description": "Extract And Move Method public hasTransactionAttribute(method Method, targetClass Class<?>) : boolean extracted from public matches(method Method, targetClass Class<?>) : boolean in class org.springframework.transaction.interceptor.TransactionAttributeSourcePointcut & moved to class org.springframework.transaction.interceptor.TransactionAttributeSource",
            "leftSideLocations": [
                {
                    "filePath": "spring-tx/src/main/java/org/springframework/transaction/interceptor/TransactionAttributeSourcePointcut.java",
                    "startLine": 53,
                    "endLine": 57,
                    "startColumn": 2,
                    "endColumn": 3,
                    "codeElementType": "METHOD_DECLARATION",
                    "description": "source method declaration before extraction",
                    "codeElement": "public matches(method Method, targetClass Class<?>) : boolean"
                },
                {
                    "filePath": "spring-tx/src/main/java/org/springframework/transaction/interceptor/TransactionAttributeSourcePointcut.java",
                    "startLine": 55,
                    "endLine": 56,
                    "startColumn": 3,
                    "endColumn": 91,
                    "codeElementType": "RETURN_STATEMENT",
                    "description": "extracted code from source method declaration",
                    "codeElement": null
                }
            ],
            "rightSideLocations": [
                {
                    "filePath": "spring-tx/src/main/java/org/springframework/transaction/interceptor/TransactionAttributeSource.java",
                    "startLine": 57,
                    "endLine": 67,
                    "startColumn": 2,
                    "endColumn": 3,
                    "codeElementType": "METHOD_DECLARATION",
                    "description": "extracted method declaration",
                    "codeElement": "public hasTransactionAttribute(method Method, targetClass Class<?>) : boolean"
                },
                {
                    "filePath": "spring-tx/src/main/java/org/springframework/transaction/interceptor/TransactionAttributeSource.java",
                    "startLine": 66,
                    "endLine": 66,
                    "startColumn": 3,
                    "endColumn": 65,
                    "codeElementType": "RETURN_STATEMENT",
                    "description": "extracted code to extracted method declaration",
                    "codeElement": null
                },
                {
                    "filePath": "spring-tx/src/main/java/org/springframework/transaction/interceptor/TransactionAttributeSourcePointcut.java",
                    "startLine": 53,
                    "endLine": 57,
                    "startColumn": 2,
                    "endColumn": 3,
                    "codeElementType": "METHOD_DECLARATION",
                    "description": "source method declaration after extraction",
                    "codeElement": "public matches(method Method, targetClass Class<?>) : boolean"
                },
                {
                    "filePath": "spring-tx/src/main/java/org/springframework/transaction/interceptor/TransactionAttributeSourcePointcut.java",
                    "startLine": 56,
                    "endLine": 56,
                    "startColumn": 5,
                    "endColumn": 81,
                    "codeElementType": "METHOD_INVOCATION",
                    "description": "extracted method invocation",
                    "codeElement": "this.transactionAttributeSource.hasTransactionAttribute(method,targetClass)"
                }
            ],
            "isStatic": false
        },
        "ref_id": 768,
        "extraction_results": {
            "success": true,
            "newCommitHash": "09d9161e7c9d8dbc91d49f57553f858e62435933",
            "newBranchName": "extract-hasTransactionAttribute-matches-219004e"
        },
        "telemetry": {
            "id": "4c9b2ce1-7a54-4188-8bdd-e8a1b56b6628",
            "hostFunctionTelemetryData": {
                "hostFunctionSize": 90,
                "lineStart": 29,
                "lineEnd": 118,
                "bodyLineStart": 29,
                "language": "java",
                "filePath": "/Users/abhiram/Documents/TBE/evaluation_projects/spring-framework/spring-tx/src/main/java/org/springframework/transaction/interceptor/TransactionAttributeSourcePointcut.java",
                "sourceCode": "/**\n * Internal class that implements a {@code Pointcut} that matches if the underlying\n * {@link TransactionAttributeSource} has an attribute for a given method.\n *\n * @author Juergen Hoeller\n * @author Sam Brannen\n * @since 2.5.5\n */\n@SuppressWarnings(\"serial\")\nfinal class TransactionAttributeSourcePointcut extends StaticMethodMatcherPointcut implements Serializable {\n\n\t@Nullable\n\tprivate TransactionAttributeSource transactionAttributeSource;\n\n\n\tpublic TransactionAttributeSourcePointcut() {\n\t\tsetClassFilter(new TransactionAttributeSourceClassFilter());\n\t}\n\n\n\tpublic void setTransactionAttributeSource(@Nullable TransactionAttributeSource transactionAttributeSource) {\n\t\tthis.transactionAttributeSource = transactionAttributeSource;\n\t}\n\n\t@Override\n\tpublic boolean matches(Method method, Class<?> targetClass) {\n\t\treturn (this.transactionAttributeSource == null ||\n\t\t\t\thasTransactionAttribute(method, targetClass));\n\t}\n\n\tprivate boolean hasTransactionAttribute(Method method, Class<?> targetClass) {\n\t\treturn this.transactionAttributeSource.getTransactionAttribute(method, targetClass) != null;\n\t}\n\n\t@Override\n\tpublic boolean equals(@Nullable Object other) {\n\t\treturn (this == other || (other instanceof TransactionAttributeSourcePointcut that &&\n\t\t\t\tObjectUtils.nullSafeEquals(this.transactionAttributeSource, that.transactionAttributeSource)));\n\t}\n\n\t@Override\n\tpublic int hashCode() {\n\t\treturn TransactionAttributeSourcePointcut.class.hashCode();\n\t}\n\n\t@Override\n\tpublic String toString() {\n\t\treturn getClass().getName() + \": \" + this.transactionAttributeSource;\n\t}\n\n\n\t/**\n\t * {@link ClassFilter} that delegates to {@link TransactionAttributeSource#isCandidateClass}\n\t * for filtering classes whose methods are not worth searching to begin with.\n\t */\n\tprivate class TransactionAttributeSourceClassFilter implements ClassFilter {\n\n\t\t@Override\n\t\tpublic boolean matches(Class<?> clazz) {\n\t\t\tif (TransactionalProxy.class.isAssignableFrom(clazz) ||\n\t\t\t\t\tTransactionManager.class.isAssignableFrom(clazz) ||\n\t\t\t\t\tPersistenceExceptionTranslator.class.isAssignableFrom(clazz)) {\n\t\t\t\treturn false;\n\t\t\t}\n\t\t\treturn (transactionAttributeSource == null || transactionAttributeSource.isCandidateClass(clazz));\n\t\t}\n\n\t\tprivate TransactionAttributeSource getTransactionAttributeSource() {\n\t\t\treturn transactionAttributeSource;\n\t\t}\n\n\t\t@Override\n\t\tpublic boolean equals(@Nullable Object other) {\n\t\t\treturn (this == other || (other instanceof TransactionAttributeSourceClassFilter that &&\n\t\t\t\t\tObjectUtils.nullSafeEquals(transactionAttributeSource, that.getTransactionAttributeSource())));\n\t\t}\n\n\t\t@Override\n\t\tpublic int hashCode() {\n\t\t\treturn TransactionAttributeSourceClassFilter.class.hashCode();\n\t\t}\n\n\t\t@Override\n\t\tpublic String toString() {\n\t\t\treturn TransactionAttributeSourceClassFilter.class.getName() + \": \" + transactionAttributeSource;\n\t\t}\n\n\t}\n\n}",
                "methodCount": 12
            },
            "candidatesTelemetryData": {
                "numberOfSuggestions": 1,
                "candidates": [
                    {
                        "lineStart": 58,
                        "lineEnd": 60,
                        "refactoringType": "MyMoveInstanceMethodRefactoring",
                        "refactoringInfo": "Move method hasTransactionAttribute to class TransactionAttributeSource",
                        "description": "Move method hasTransactionAttribute to org.springframework.transaction.interceptor.TransactionAttributeSource\nRationale: The hasTransactionAttribute() method depends directly on TransactionAttributeSource.getTransactionAttribute(). This indicates a strong cohesion with the TransactionAttributeSource interface. Moving this method to TransactionAttributeSource centralizes transaction attribute logic within the class designed to manage it. This enhances the maintainability and clarity of the codebase by keeping related functionalities together.",
                        "couldCreateRefObject": true,
                        "applied": false,
                        "startedRefactoringFlow": false,
                        "undone": false
                    }
                ]
            },
            "iterationData": [
                {
                    "iteration_num": 1,
                    "suggested_move_methods": [
                        {
                            "method_name": "hasTransactionAttribute",
                            "method_signature": "private boolean hasTransactionAttribute(Method method, Class<?> targetClass)",
                            "target_class": "TransactionAttributeSource",
                            "rationale": "The method `hasTransactionAttribute` directly interacts with the `TransactionAttributeSource` and checks for transaction attributes. It would be more appropriate to locate this method within `TransactionAttributeSource` to encapsulate transaction logic within that class."
                        },
                        {
                            "method_name": "isCandidateClass",
                            "method_signature": "public boolean isCandidateClass(Class<?> clazz)",
                            "target_class": "TransactionAttributeSource",
                            "rationale": "The method `isCandidateClass` seems to be core functionality that determines whether a class is worth examining for transaction attributes, which aligns closely with the responsibilities of the `TransactionAttributeSource`."
                        },
                        {
                            "method_name": "getTransactionAttributeSource",
                            "method_signature": "private TransactionAttributeSource getTransactionAttributeSource()",
                            "target_class": "TransactionAttributeSourcePointcut",
                            "rationale": "The method `getTransactionAttributeSource` is a simple getter for the private field `transactionAttributeSource` of the `TransactionAttributeSourcePointcut` class. Although it appears within an inner class, which makes sense contextually, there might be a better approach to access it directly. This recommendation is debatable but worth consideration to reduce complexity."
                        }
                    ],
                    "llm_response_time": 3546
                },
                {
                    "iteration_num": 2,
                    "suggested_move_methods": [
                        {
                            "method_name": "getTransactionAttributeSource",
                            "method_signature": "private TransactionAttributeSource getTransactionAttributeSource()",
                            "target_class": "TransactionAttributeSourcePointcut",
                            "rationale": "The method getTransactionAttributeSource() is accessing the transactionAttributeSource field, which is a private member of the outer class TransactionAttributeSourcePointcut. Moving this method to the outer class will increase encapsulation and improve the readability of the code."
                        }
                    ],
                    "llm_response_time": 1523
                },
                {
                    "iteration_num": 3,
                    "suggested_move_methods": [
                        {
                            "method_name": "getTransactionAttributeSource",
                            "method_signature": "private TransactionAttributeSource getTransactionAttributeSource(): TransactionAttributeSource",
                            "target_class": "TransactionAttributeSourcePointcut",
                            "rationale": "This method is used in the outer class for both matching methods and equality checks. Moving it to the outer class would improve encapsulation and readability while still allowing usage within the inner class."
                        }
                    ],
                    "llm_response_time": 1545
                },
                {
                    "iteration_num": -1,
                    "suggested_move_methods": [
                        {
                            "method_name": "hasTransactionAttribute",
                            "method_signature": "private hasTransactionAttribute(Method method, Class<?> targetClass)",
                            "target_class": "",
                            "rationale": ""
                        }
                    ],
                    "llm_response_time": 0
                },
                {
                    "iteration_num": -2,
                    "suggested_move_methods": [
                        {
                            "method_name": "hasTransactionAttribute",
                            "method_signature": "private hasTransactionAttribute(Method method, Class<?> targetClass)",
                            "target_class": "",
                            "rationale": ""
                        }
                    ],
                    "llm_response_time": 0
                }
            ],
            "methodCompatibilityScores": {
                "tf-idf": {
                    "private hasTransactionAttribute(Method method, Class<?> targetClass)": {
                        "first": {
                            "method_name": "hasTransactionAttribute",
                            "method_signature": "private hasTransactionAttribute(Method method, Class<?> targetClass)",
                            "target_class": "",
                            "rationale": ""
                        },
                        "second": 0.38914634597692993
                    }
                },
                "voyage": {
                    "private hasTransactionAttribute(Method method, Class<?> targetClass)": {
                        "first": {
                            "method_name": "hasTransactionAttribute",
                            "method_signature": "private hasTransactionAttribute(Method method, Class<?> targetClass)",
                            "target_class": "",
                            "rationale": ""
                        },
                        "second": 0.7332309230197276
                    }
                }
            },
            "llmMethodPriority": {
                "tf-idf": {
                    "priority_method_names": [
                        "private hasTransactionAttribute(Method method, Class<?> targetClass)"
                    ],
                    "llm_response_time": 1372
                },
                "tf-idf-5": {
                    "priority_method_names": [
                        "private hasTransactionAttribute(Method method, Class<?> targetClass)"
                    ],
                    "llm_response_time": 0
                },
                "tf-df-3": {
                    "priority_method_names": [
                        "private hasTransactionAttribute(Method method, Class<?> targetClass)"
                    ],
                    "llm_response_time": 0
                },
                "voyage": {
                    "priority_method_names": [
                        "private hasTransactionAttribute(Method method, Class<?> targetClass)"
                    ],
                    "llm_response_time": 0
                },
                "voyage-5": {
                    "priority_method_names": [
                        "private hasTransactionAttribute(Method method, Class<?> targetClass)"
                    ],
                    "llm_response_time": 1
                },
                "voyage-3": {
                    "priority_method_names": [
                        "private hasTransactionAttribute(Method method, Class<?> targetClass)"
                    ],
                    "llm_response_time": 0
                }
            },
            "targetClassMap": {
                "hasTransactionAttribute": {
                    "target_classes": [
                        {
                            "class_name": "TransactionAttributeSource",
                            "similarity_score": 0.07381296730940504
                        }
                    ],
                    "target_classes_sorted_by_llm": [
                        "TransactionAttributeSource"
                    ],
                    "llm_response_time": 1518,
                    "similarity_computation_time": 1,
                    "similarity_metric": "cosine"
                }
            }
        }
    },
    {
        "repository": "https://github.com/spring-projects/spring-framework.git",
        "sha1": "3d7ef3ebfc5be645730e2e1d601ccf5799bdf7cd",
        "url": "https://github.com/spring-projects/spring-framework/commit/3d7ef3ebfc5be645730e2e1d601ccf5799bdf7cd",
        "move_method_refactoring": {
            "type": "Extract And Move Method",
            "description": "Extract And Move Method public hasCacheOperation(method Method, targetClass Class<?>) : boolean extracted from public matches(method Method, targetClass Class<?>) : boolean in class org.springframework.cache.jcache.interceptor.BeanFactoryJCacheOperationSourceAdvisor.JCacheOperationSourcePointcut & moved to class org.springframework.cache.jcache.interceptor.JCacheOperationSource",
            "leftSideLocations": [
                {
                    "filePath": "spring-context-support/src/main/java/org/springframework/cache/jcache/interceptor/BeanFactoryJCacheOperationSourceAdvisor.java",
                    "startLine": 77,
                    "endLine": 81,
                    "startColumn": 3,
                    "endColumn": 4,
                    "codeElementType": "METHOD_DECLARATION",
                    "description": "source method declaration before extraction",
                    "codeElement": "public matches(method Method, targetClass Class<?>) : boolean"
                },
                {
                    "filePath": "spring-context-support/src/main/java/org/springframework/cache/jcache/interceptor/BeanFactoryJCacheOperationSourceAdvisor.java",
                    "startLine": 79,
                    "endLine": 80,
                    "startColumn": 4,
                    "endColumn": 80,
                    "codeElementType": "RETURN_STATEMENT",
                    "description": "extracted code from source method declaration",
                    "codeElement": null
                }
            ],
            "rightSideLocations": [
                {
                    "filePath": "spring-context-support/src/main/java/org/springframework/cache/jcache/interceptor/JCacheOperationSource.java",
                    "startLine": 53,
                    "endLine": 63,
                    "startColumn": 2,
                    "endColumn": 3,
                    "codeElementType": "METHOD_DECLARATION",
                    "description": "extracted method declaration",
                    "codeElement": "public hasCacheOperation(method Method, targetClass Class<?>) : boolean"
                },
                {
                    "filePath": "spring-context-support/src/main/java/org/springframework/cache/jcache/interceptor/JCacheOperationSource.java",
                    "startLine": 62,
                    "endLine": 62,
                    "startColumn": 3,
                    "endColumn": 59,
                    "codeElementType": "RETURN_STATEMENT",
                    "description": "extracted code to extracted method declaration",
                    "codeElement": null
                },
                {
                    "filePath": "spring-context-support/src/main/java/org/springframework/cache/jcache/interceptor/JCacheOperationSourcePointcut.java",
                    "startLine": 51,
                    "endLine": 55,
                    "startColumn": 2,
                    "endColumn": 3,
                    "codeElementType": "METHOD_DECLARATION",
                    "description": "source method declaration after extraction",
                    "codeElement": "public matches(method Method, targetClass Class<?>) : boolean"
                },
                {
                    "filePath": "spring-context-support/src/main/java/org/springframework/cache/jcache/interceptor/JCacheOperationSourcePointcut.java",
                    "startLine": 54,
                    "endLine": 54,
                    "startColumn": 5,
                    "endColumn": 69,
                    "codeElementType": "METHOD_INVOCATION",
                    "description": "extracted method invocation",
                    "codeElement": "this.cacheOperationSource.hasCacheOperation(method,targetClass)"
                }
            ],
            "isStatic": false
        },
        "ref_id": 769,
        "extraction_results": {
            "success": true,
            "newCommitHash": "75a8ae6556442569342d335bba5d1f2041b9ee42",
            "newBranchName": "extract-hasCacheOperation-matches-219004e"
        },
        "telemetry": {
            "id": "3272856b-f5dc-49cc-8872-3cfd6f29da5b",
            "hostFunctionTelemetryData": {
                "hostFunctionSize": 35,
                "lineStart": 68,
                "lineEnd": 102,
                "bodyLineStart": 68,
                "language": "java",
                "filePath": "/Users/abhiram/Documents/TBE/evaluation_projects/spring-framework/spring-context-support/src/main/java/org/springframework/cache/jcache/interceptor/BeanFactoryJCacheOperationSourceAdvisor.java",
                "sourceCode": "private static class JCacheOperationSourcePointcut extends StaticMethodMatcherPointcut implements Serializable {\n\n\t\t@Nullable\n\t\tprivate JCacheOperationSource cacheOperationSource;\n\n\t\tpublic void setCacheOperationSource(@Nullable JCacheOperationSource cacheOperationSource) {\n\t\t\tthis.cacheOperationSource = cacheOperationSource;\n\t\t}\n\n\t\t@Override\n\t\tpublic boolean matches(Method method, Class<?> targetClass) {\n\t\t\treturn hasCacheOperation(method, targetClass);\n\t\t}\n\n\t\tprivate boolean hasCacheOperation(Method method, Class<?> targetClass) {\n\t\t\treturn (this.cacheOperationSource == null ||\n\t\t\t\t\tthis.cacheOperationSource.getCacheOperation(method, targetClass) != null);\n\t\t}\n\n\t\t@Override\n\t\tpublic boolean equals(@Nullable Object other) {\n\t\t\treturn (this == other || (other instanceof JCacheOperationSourcePointcut that &&\n\t\t\t\t\tObjectUtils.nullSafeEquals(this.cacheOperationSource, that.cacheOperationSource)));\n\t\t}\n\n\t\t@Override\n\t\tpublic int hashCode() {\n\t\t\treturn JCacheOperationSourcePointcut.class.hashCode();\n\t\t}\n\n\t\t@Override\n\t\tpublic String toString() {\n\t\t\treturn getClass().getName() + \": \" + this.cacheOperationSource;\n\t\t}\n\t}",
                "methodCount": 6
            },
            "candidatesTelemetryData": {
                "numberOfSuggestions": 1,
                "candidates": [
                    {
                        "lineStart": 81,
                        "lineEnd": 84,
                        "refactoringType": "MyMoveInstanceMethodRefactoring",
                        "refactoringInfo": "Move method hasCacheOperation to class JCacheOperationSource",
                        "description": "Move method hasCacheOperation to org.springframework.cache.jcache.interceptor.JCacheOperationSource\nRationale: The method hasCacheOperation() directly interacts with cache operation retrieval logic via cacheOperationSource and evaluates whether a cache operation is present. JCacheOperationSource is specifically designed to provide cache operation attributes based on JSR-107 annotations, making it the most appropriate class to house this method. Relocating hasCacheOperation() helps in keeping related functionality together, enhancing cohesion and ensuring that responsibilities related to cache operations are consolidated within JCacheOperationSource.",
                        "couldCreateRefObject": true,
                        "applied": false,
                        "startedRefactoringFlow": false,
                        "undone": false
                    }
                ]
            },
            "iterationData": [
                {
                    "iteration_num": 1,
                    "suggested_move_methods": [
                        {
                            "method_name": "hasCacheOperation",
                            "method_signature": "private boolean hasCacheOperation(Method method, Class<?> targetClass)",
                            "target_class": "JCacheOperationSource",
                            "rationale": "The hasCacheOperation() method interacts directly with JCacheOperationSource and checks its operations. It fits naturally into the JCacheOperationSource class as it would encapsulate the behavior more appropriately."
                        }
                    ],
                    "llm_response_time": 1751
                },
                {
                    "iteration_num": 2,
                    "suggested_move_methods": [
                        {
                            "method_name": "hasCacheOperation",
                            "method_signature": "private boolean hasCacheOperation(Method method, Class<?> targetClass)",
                            "target_class": "JCacheOperationSource",
                            "rationale": "The hasCacheOperation method is accessing a method from JCacheOperationSource and is more related to the logic of checking cache operations, which should be a responsibility of JCacheOperationSource rather than JCacheOperationSourcePointcut."
                        }
                    ],
                    "llm_response_time": 1531
                },
                {
                    "iteration_num": 3,
                    "suggested_move_methods": [],
                    "llm_response_time": 1696
                },
                {
                    "iteration_num": -1,
                    "suggested_move_methods": [
                        {
                            "method_name": "hasCacheOperation",
                            "method_signature": "private hasCacheOperation(Method method, Class<?> targetClass)",
                            "target_class": "",
                            "rationale": ""
                        }
                    ],
                    "llm_response_time": 0
                },
                {
                    "iteration_num": -2,
                    "suggested_move_methods": [
                        {
                            "method_name": "hasCacheOperation",
                            "method_signature": "private hasCacheOperation(Method method, Class<?> targetClass)",
                            "target_class": "",
                            "rationale": ""
                        }
                    ],
                    "llm_response_time": 0
                }
            ],
            "methodCompatibilityScores": {
                "tf-idf": {
                    "private hasCacheOperation(Method method, Class<?> targetClass)": {
                        "first": {
                            "method_name": "hasCacheOperation",
                            "method_signature": "private hasCacheOperation(Method method, Class<?> targetClass)",
                            "target_class": "",
                            "rationale": ""
                        },
                        "second": 0.4293563526449629
                    }
                },
                "voyage": {
                    "private hasCacheOperation(Method method, Class<?> targetClass)": {
                        "first": {
                            "method_name": "hasCacheOperation",
                            "method_signature": "private hasCacheOperation(Method method, Class<?> targetClass)",
                            "target_class": "",
                            "rationale": ""
                        },
                        "second": 0.7142875343218298
                    }
                }
            },
            "llmMethodPriority": {
                "tf-idf": {
                    "priority_method_names": [
                        "private hasCacheOperation(Method method, Class<?> targetClass)"
                    ],
                    "llm_response_time": 1251
                },
                "tf-idf-5": {
                    "priority_method_names": [
                        "private hasCacheOperation(Method method, Class<?> targetClass)"
                    ],
                    "llm_response_time": 0
                },
                "tf-df-3": {
                    "priority_method_names": [
                        "private hasCacheOperation(Method method, Class<?> targetClass)"
                    ],
                    "llm_response_time": 0
                },
                "voyage": {
                    "priority_method_names": [
                        "private hasCacheOperation(Method method, Class<?> targetClass)"
                    ],
                    "llm_response_time": 0
                },
                "voyage-5": {
                    "priority_method_names": [
                        "private hasCacheOperation(Method method, Class<?> targetClass)"
                    ],
                    "llm_response_time": 0
                },
                "voyage-3": {
                    "priority_method_names": [
                        "private hasCacheOperation(Method method, Class<?> targetClass)"
                    ],
                    "llm_response_time": 0
                }
            },
            "targetClassMap": {
                "hasCacheOperation": {
                    "target_classes": [
                        {
                            "class_name": "JCacheOperationSource",
                            "similarity_score": 0.08683767488255846
                        }
                    ],
                    "target_classes_sorted_by_llm": [
                        "JCacheOperationSource"
                    ],
                    "llm_response_time": 1880,
                    "similarity_computation_time": 1,
                    "similarity_metric": "cosine"
                }
            }
        }
    },
    {
        "repository": "https://github.com/spring-projects/spring-framework.git",
        "sha1": "521cda009b851f0f46985953f6f9e98599db776d",
        "url": "https://github.com/spring-projects/spring-framework/commit/521cda009b851f0f46985953f6f9e98599db776d",
        "move_method_refactoring": {
            "type": "Extract And Move Method",
            "description": "Extract And Move Method public getSchedulerFor(handlerMethod HandlerMethod) : Scheduler extracted from public handle(exchange ServerWebExchange, handler Object) : Mono<HandlerResult> in class org.springframework.web.reactive.result.method.annotation.RequestMappingHandlerAdapter & moved to class org.springframework.web.reactive.result.method.annotation.ControllerMethodResolver",
            "leftSideLocations": [
                {
                    "filePath": "spring-webflux/src/main/java/org/springframework/web/reactive/result/method/annotation/RequestMappingHandlerAdapter.java",
                    "startLine": 239,
                    "endLine": 271,
                    "startColumn": 2,
                    "endColumn": 3,
                    "codeElementType": "METHOD_DECLARATION",
                    "description": "source method declaration before extraction",
                    "codeElement": "public handle(exchange ServerWebExchange, handler Object) : Mono<HandlerResult>"
                },
                {
                    "filePath": "spring-webflux/src/main/java/org/springframework/web/reactive/result/method/annotation/RequestMappingHandlerAdapter.java",
                    "startLine": 264,
                    "endLine": 264,
                    "startColumn": 4,
                    "endColumn": 91,
                    "codeElementType": "EXPRESSION_STATEMENT",
                    "description": "extracted code from source method declaration",
                    "codeElement": null
                },
                {
                    "filePath": "spring-webflux/src/main/java/org/springframework/web/reactive/result/method/annotation/RequestMappingHandlerAdapter.java",
                    "startLine": 265,
                    "endLine": 267,
                    "startColumn": 4,
                    "endColumn": 5,
                    "codeElementType": "IF_STATEMENT",
                    "description": "extracted code from source method declaration",
                    "codeElement": null
                },
                {
                    "filePath": "spring-webflux/src/main/java/org/springframework/web/reactive/result/method/annotation/RequestMappingHandlerAdapter.java",
                    "startLine": 263,
                    "endLine": 268,
                    "startColumn": 3,
                    "endColumn": 4,
                    "codeElementType": "IF_STATEMENT",
                    "description": "extracted code from source method declaration",
                    "codeElement": null
                },
                {
                    "filePath": "spring-webflux/src/main/java/org/springframework/web/reactive/result/method/annotation/RequestMappingHandlerAdapter.java",
                    "startLine": 265,
                    "endLine": 267,
                    "startColumn": 58,
                    "endColumn": 5,
                    "codeElementType": "BLOCK",
                    "description": "extracted code from source method declaration",
                    "codeElement": null
                },
                {
                    "filePath": "spring-webflux/src/main/java/org/springframework/web/reactive/result/method/annotation/RequestMappingHandlerAdapter.java",
                    "startLine": 263,
                    "endLine": 268,
                    "startColumn": 31,
                    "endColumn": 4,
                    "codeElementType": "BLOCK",
                    "description": "extracted code from source method declaration",
                    "codeElement": null
                }
            ],
            "rightSideLocations": [
                {
                    "filePath": "spring-webflux/src/main/java/org/springframework/web/reactive/result/method/annotation/ControllerMethodResolver.java",
                    "startLine": 301,
                    "endLine": 315,
                    "startColumn": 2,
                    "endColumn": 3,
                    "codeElementType": "METHOD_DECLARATION",
                    "description": "extracted method declaration",
                    "codeElement": "public getSchedulerFor(handlerMethod HandlerMethod) : Scheduler"
                },
                {
                    "filePath": "spring-webflux/src/main/java/org/springframework/web/reactive/result/method/annotation/ControllerMethodResolver.java",
                    "startLine": 309,
                    "endLine": 309,
                    "startColumn": 4,
                    "endColumn": 91,
                    "codeElementType": "EXPRESSION_STATEMENT",
                    "description": "extracted code to extracted method declaration",
                    "codeElement": null
                },
                {
                    "filePath": "spring-webflux/src/main/java/org/springframework/web/reactive/result/method/annotation/ControllerMethodResolver.java",
                    "startLine": 310,
                    "endLine": 312,
                    "startColumn": 4,
                    "endColumn": 5,
                    "codeElementType": "IF_STATEMENT",
                    "description": "extracted code to extracted method declaration",
                    "codeElement": null
                },
                {
                    "filePath": "spring-webflux/src/main/java/org/springframework/web/reactive/result/method/annotation/ControllerMethodResolver.java",
                    "startLine": 308,
                    "endLine": 313,
                    "startColumn": 3,
                    "endColumn": 4,
                    "codeElementType": "IF_STATEMENT",
                    "description": "extracted code to extracted method declaration",
                    "codeElement": null
                },
                {
                    "filePath": "spring-webflux/src/main/java/org/springframework/web/reactive/result/method/annotation/ControllerMethodResolver.java",
                    "startLine": 310,
                    "endLine": 312,
                    "startColumn": 58,
                    "endColumn": 5,
                    "codeElementType": "BLOCK",
                    "description": "extracted code to extracted method declaration",
                    "codeElement": null
                },
                {
                    "filePath": "spring-webflux/src/main/java/org/springframework/web/reactive/result/method/annotation/ControllerMethodResolver.java",
                    "startLine": 308,
                    "endLine": 313,
                    "startColumn": 41,
                    "endColumn": 4,
                    "codeElementType": "BLOCK",
                    "description": "extracted code to extracted method declaration",
                    "codeElement": null
                },
                {
                    "filePath": "spring-webflux/src/main/java/org/springframework/web/reactive/result/method/annotation/RequestMappingHandlerAdapter.java",
                    "startLine": 240,
                    "endLine": 270,
                    "startColumn": 2,
                    "endColumn": 3,
                    "codeElementType": "METHOD_DECLARATION",
                    "description": "source method declaration after extraction",
                    "codeElement": "public handle(exchange ServerWebExchange, handler Object) : Mono<HandlerResult>"
                },
                {
                    "filePath": "spring-webflux/src/main/java/org/springframework/web/reactive/result/method/annotation/RequestMappingHandlerAdapter.java",
                    "startLine": 264,
                    "endLine": 264,
                    "startColumn": 33,
                    "endColumn": 83,
                    "codeElementType": "METHOD_INVOCATION",
                    "description": "extracted method invocation",
                    "codeElement": "this.methodResolver.getSchedulerFor(handlerMethod)"
                },
                {
                    "filePath": "spring-webflux/src/main/java/org/springframework/web/reactive/result/method/annotation/ControllerMethodResolver.java",
                    "startLine": 311,
                    "endLine": 311,
                    "startColumn": 5,
                    "endColumn": 37,
                    "codeElementType": "RETURN_STATEMENT",
                    "description": "added statement in extracted method declaration",
                    "codeElement": null
                },
                {
                    "filePath": "spring-webflux/src/main/java/org/springframework/web/reactive/result/method/annotation/ControllerMethodResolver.java",
                    "startLine": 314,
                    "endLine": 314,
                    "startColumn": 3,
                    "endColumn": 15,
                    "codeElementType": "RETURN_STATEMENT",
                    "description": "added statement in extracted method declaration",
                    "codeElement": null
                }
            ],
            "isStatic": false
        },
        "ref_id": 774,
        "extraction_results": {
            "success": true,
            "newCommitHash": "745e0c81153b41a70488a92b835b93b89f8dbc4c",
            "newBranchName": "extract-getSchedulerFor-handle-08c9b5c"
        },
        "telemetry": {
            "id": "4413b664-4d8e-4af2-bede-31d9efd8a7dc",
            "hostFunctionTelemetryData": {
                "hostFunctionSize": 323,
                "lineStart": 54,
                "lineEnd": 376,
                "bodyLineStart": 54,
                "language": "java",
                "filePath": "/Users/abhiram/Documents/TBE/evaluation_projects/spring-framework/spring-webflux/src/main/java/org/springframework/web/reactive/result/method/annotation/RequestMappingHandlerAdapter.java",
                "sourceCode": "/**\n * Supports the invocation of\n * {@link org.springframework.web.bind.annotation.RequestMapping @RequestMapping}\n * handler methods.\n *\n * @author Rossen Stoyanchev\n * @since 5.0\n */\npublic class RequestMappingHandlerAdapter\n\t\timplements HandlerAdapter, DispatchExceptionHandler, ApplicationContextAware, InitializingBean {\n\n\tprivate static final Log logger = LogFactory.getLog(RequestMappingHandlerAdapter.class);\n\n\t/**\n\t * Log category to use for network failure after a client has gone away.\n\t * @see DisconnectedClientHelper\n\t */\n\tprivate static final String DISCONNECTED_CLIENT_LOG_CATEGORY =\n\t\t\t\"org.springframework.web.reactive.result.method.annotation.DisconnectedClient\";\n\n\tprivate static final DisconnectedClientHelper disconnectedClientHelper =\n\t\t\tnew DisconnectedClientHelper(DISCONNECTED_CLIENT_LOG_CATEGORY);\n\n\n\tprivate List<HttpMessageReader<?>> messageReaders = Collections.emptyList();\n\n\t@Nullable\n\tprivate WebBindingInitializer webBindingInitializer;\n\n\t@Nullable\n\tprivate ArgumentResolverConfigurer argumentResolverConfigurer;\n\n\t@Nullable\n\tprivate Scheduler scheduler;\n\n\t@Nullable\n\tprivate Predicate<HandlerMethod> blockingMethodPredicate;\n\n\t@Nullable\n\tprivate ReactiveAdapterRegistry reactiveAdapterRegistry;\n\n\t@Nullable\n\tprivate ConfigurableApplicationContext applicationContext;\n\n\t@Nullable\n\tprivate ControllerMethodResolver methodResolver;\n\n\t@Nullable\n\tprivate ModelInitializer modelInitializer;\n\n\n\t@Nullable\n\tpublic Scheduler getScheduler() {\n\t\treturn scheduler;\n\t}\n\n\t@Nullable\n\tpublic Predicate<HandlerMethod> getBlockingMethodPredicate() {\n\t\treturn blockingMethodPredicate;\n\t}\n\n\n\t/**\n\t * Configure HTTP message readers to de-serialize the request body with.\n\t * <p>By default this is set to {@link ServerCodecConfigurer}'s readers with defaults.\n\t */\n\tpublic void setMessageReaders(List<HttpMessageReader<?>> messageReaders) {\n\t\tAssert.notNull(messageReaders, \"'messageReaders' must not be null\");\n\t\tthis.messageReaders = messageReaders;\n\t}\n\n\t/**\n\t * Return the configurer for HTTP message readers.\n\t */\n\tpublic List<HttpMessageReader<?>> getMessageReaders() {\n\t\treturn this.messageReaders;\n\t}\n\n\t/**\n\t * Provide a WebBindingInitializer with \"global\" initialization to apply\n\t * to every DataBinder instance.\n\t */\n\tpublic void setWebBindingInitializer(@Nullable WebBindingInitializer webBindingInitializer) {\n\t\tthis.webBindingInitializer = webBindingInitializer;\n\t}\n\n\t/**\n\t * Return the configured WebBindingInitializer, or {@code null} if none.\n\t */\n\t@Nullable\n\tpublic WebBindingInitializer getWebBindingInitializer() {\n\t\treturn this.webBindingInitializer;\n\t}\n\n\t/**\n\t * Configure resolvers for controller method arguments.\n\t */\n\tpublic void setArgumentResolverConfigurer(@Nullable ArgumentResolverConfigurer configurer) {\n\t\tthis.argumentResolverConfigurer = configurer;\n\t}\n\n\t/**\n\t * Return the configured resolvers for controller method arguments.\n\t */\n\t@Nullable\n\tpublic ArgumentResolverConfigurer getArgumentResolverConfigurer() {\n\t\treturn this.argumentResolverConfigurer;\n\t}\n\n\t/**\n\t * Configure an executor to invoke blocking controller methods with.\n\t * <p>By default, this is not set in which case controller methods are\n\t * invoked without the use of an Executor.\n\t * @param executor the task executor to use\n\t * @since 6.1\n\t */\n\tpublic void setBlockingExecutor(@Nullable Executor executor) {\n\t\tthis.scheduler = (executor != null ? Schedulers.fromExecutor(executor) : null);\n\t}\n\n\t/**\n\t * Provide a predicate to decide which controller methods to invoke through\n\t * the configured {@link #setBlockingExecutor blockingExecutor}.\n\t * <p>If an executor is configured, the default predicate matches controller\n\t * methods whose return type is not recognized by the configured\n\t * {@link org.springframework.core.ReactiveAdapterRegistry}.\n\t * @param predicate the predicate to use\n\t * @since 6.1\n\t */\n\tpublic void setBlockingMethodPredicate(Predicate<HandlerMethod> predicate) {\n\t\tthis.blockingMethodPredicate = predicate;\n\t}\n\n\t/**\n\t * Configure the registry for adapting various reactive types.\n\t * <p>By default this is an instance of {@link ReactiveAdapterRegistry} with\n\t * default settings.\n\t */\n\tpublic void setReactiveAdapterRegistry(@Nullable ReactiveAdapterRegistry registry) {\n\t\tthis.reactiveAdapterRegistry = registry;\n\t}\n\n\t/**\n\t * Return the configured registry for adapting reactive types.\n\t */\n\t@Nullable\n\tpublic ReactiveAdapterRegistry getReactiveAdapterRegistry() {\n\t\treturn this.reactiveAdapterRegistry;\n\t}\n\n\t/**\n\t * A {@link ConfigurableApplicationContext} is expected for resolving\n\t * expressions in method argument default values as well as for\n\t * detecting {@code @ControllerAdvice} beans.\n\t */\n\t@Override\n\tpublic void setApplicationContext(ApplicationContext applicationContext) {\n\t\tif (applicationContext instanceof ConfigurableApplicationContext cac) {\n\t\t\tthis.applicationContext = cac;\n\t\t}\n\t}\n\n\n\t@Override\n\tpublic void afterPropertiesSet() throws Exception {\n\t\tAssert.notNull(this.applicationContext, \"ApplicationContext is required\");\n\n\t\tif (CollectionUtils.isEmpty(this.messageReaders)) {\n\t\t\tServerCodecConfigurer codecConfigurer = ServerCodecConfigurer.create();\n\t\t\tthis.messageReaders = codecConfigurer.getReaders();\n\t\t}\n\n\t\tif (this.argumentResolverConfigurer == null) {\n\t\t\tthis.argumentResolverConfigurer = new ArgumentResolverConfigurer();\n\t\t}\n\n\t\tif (this.reactiveAdapterRegistry == null) {\n\t\t\tthis.reactiveAdapterRegistry = ReactiveAdapterRegistry.getSharedInstance();\n\t\t}\n\n\t\tif (this.scheduler != null && this.blockingMethodPredicate == null) {\n\t\t\tthis.blockingMethodPredicate = new NonReactiveHandlerMethodPredicate(this.reactiveAdapterRegistry);\n\t\t}\n\n\t\tthis.methodResolver = new ControllerMethodResolver(\n\t\t\t\tthis.argumentResolverConfigurer, this.reactiveAdapterRegistry, this.applicationContext,\n\t\t\t\tthis.messageReaders, this.webBindingInitializer);\n\n\t\tthis.modelInitializer = new ModelInitializer(this.methodResolver, this.reactiveAdapterRegistry);\n\t}\n\n\n\t@Override\n\tpublic boolean supports(Object handler) {\n\t\treturn handler instanceof HandlerMethod;\n\t}\n\n\t@Override\n\tpublic Mono<HandlerResult> handle(ServerWebExchange exchange, Object handler) {\n\n\t\tAssert.state(this.methodResolver != null &&\n\t\t\t\tthis.modelInitializer != null && this.reactiveAdapterRegistry != null, \"Not initialized\");\n\n\t\tHandlerMethod handlerMethod = (HandlerMethod) handler;\n\n\t\tInitBinderBindingContext bindingContext = new InitBinderBindingContext(\n\t\t\t\tthis.webBindingInitializer, this.methodResolver.getInitBinderMethods(handlerMethod),\n\t\t\t\tthis.methodResolver.hasMethodValidator() && handlerMethod.shouldValidateArguments(),\n\t\t\t\tthis.reactiveAdapterRegistry);\n\n\t\tInvocableHandlerMethod invocableMethod = this.methodResolver.getRequestMappingMethod(handlerMethod);\n\n\t\tDispatchExceptionHandler exceptionHandler =\n\t\t\t\t(exchange2, ex) -> handleException(exchange, ex, handlerMethod, bindingContext);\n\n\t\tMono<HandlerResult> resultMono = this.modelInitializer\n\t\t\t\t.initModel(handlerMethod, bindingContext, exchange)\n\t\t\t\t.then(Mono.defer(() -> invocableMethod.invoke(exchange, bindingContext)))\n\t\t\t\t.doOnNext(result -> result.setExceptionHandler(exceptionHandler))\n\t\t\t\t.onErrorResume(ex -> exceptionHandler.handleError(exchange, ex));\n\n\t\tresultMono = getSchedulerFor(handlerMethod, resultMono);\n\n\t\treturn resultMono;\n\t}\n\n\tprivate @NotNull Mono<HandlerResult> getSchedulerFor(HandlerMethod handlerMethod, Mono<HandlerResult> resultMono) {\n\t\tif (this.getScheduler() != null) {\n\t\t\tAssert.state(this.getBlockingMethodPredicate() != null, \"Expected HandlerMethod Predicate\");\n\t\t\tif (this.getBlockingMethodPredicate().test(handlerMethod)) {\n\t\t\t\tresultMono = resultMono.subscribeOn(this.getScheduler());\n\t\t\t}\n\t\t}\n\t\treturn resultMono;\n\t}\n\n\tprivate Mono<HandlerResult> handleException(\n\t\t\tServerWebExchange exchange, Throwable exception,\n\t\t\t@Nullable HandlerMethod handlerMethod, @Nullable BindingContext bindingContext) {\n\n\t\tAssert.state(this.methodResolver != null, \"Not initialized\");\n\n\t\t// Success and error responses may use different content types\n\t\texchange.getAttributes().remove(HandlerMapping.PRODUCIBLE_MEDIA_TYPES_ATTRIBUTE);\n\t\texchange.getResponse().getHeaders().clearContentHeaders();\n\n\t\tInvocableHandlerMethod invocable =\n\t\t\t\tthis.methodResolver.getExceptionHandlerMethod(exception, handlerMethod);\n\n\t\tif (invocable != null) {\n\t\t\tArrayList<Throwable> exceptions = new ArrayList<>();\n\t\t\ttry {\n\t\t\t\tif (logger.isDebugEnabled()) {\n\t\t\t\t\tlogger.debug(exchange.getLogPrefix() + \"Using @ExceptionHandler \" + invocable);\n\t\t\t\t}\n\t\t\t\tif (bindingContext != null) {\n\t\t\t\t\tbindingContext.getModel().asMap().clear();\n\t\t\t\t}\n\t\t\t\telse {\n\t\t\t\t\tbindingContext = new BindingContext();\n\t\t\t\t}\n\n\t\t\t\t// Expose causes as provided arguments as well\n\t\t\t\tThrowable exToExpose = exception;\n\t\t\t\twhile (exToExpose != null) {\n\t\t\t\t\texceptions.add(exToExpose);\n\t\t\t\t\tThrowable cause = exToExpose.getCause();\n\t\t\t\t\texToExpose = (cause != exToExpose ? cause : null);\n\t\t\t\t}\n\t\t\t\tObject[] arguments = new Object[exceptions.size() + 1];\n\t\t\t\texceptions.toArray(arguments);  // efficient arraycopy call in ArrayList\n\t\t\t\targuments[arguments.length - 1] = handlerMethod;\n\n\t\t\t\treturn invocable.invoke(exchange, bindingContext, arguments)\n\t\t\t\t\t\t.onErrorResume(invocationEx ->\n\t\t\t\t\t\t\t\thandleExceptionHandlerFailure(exchange, exception, invocationEx, exceptions, invocable));\n\t\t\t}\n\t\t\tcatch (Throwable invocationEx) {\n\t\t\t\treturn handleExceptionHandlerFailure(exchange, exception, invocationEx, exceptions, invocable);\n\t\t\t}\n\t\t}\n\t\treturn Mono.error(exception);\n\t}\n\n\tprivate static Mono<HandlerResult> handleExceptionHandlerFailure(\n\t\t\tServerWebExchange exchange, Throwable exception, Throwable invocationEx,\n\t\t\tArrayList<Throwable> exceptions, InvocableHandlerMethod invocable) {\n\n\t\tif (disconnectedClientHelper.checkAndLogClientDisconnectedException(invocationEx)) {\n\t\t\treturn Mono.empty();\n\t\t}\n\n\t\t// Any other than the original exception (or a cause) is unintended here,\n\t\t// probably an accident (e.g. failed assertion or the like).\n\t\tif (!exceptions.contains(invocationEx) && logger.isWarnEnabled()) {\n\t\t\tlogger.warn(exchange.getLogPrefix() + \"Failure in @ExceptionHandler \" + invocable, invocationEx);\n\t\t}\n\n\t\treturn Mono.error(exception);\n\t}\n\n\t@Override\n\tpublic Mono<HandlerResult> handleError(ServerWebExchange exchange, Throwable ex) {\n\t\treturn handleException(exchange, ex, null, null);\n\t}\n\n\n\t/**\n\t * Match methods with a return type without an adapter in {@link ReactiveAdapterRegistry}\n\t * which are not suspending functions.\n\t */\n\tprivate record NonReactiveHandlerMethodPredicate(ReactiveAdapterRegistry adapterRegistry)\n\t\t\timplements Predicate<HandlerMethod> {\n\n\t\t@Override\n\t\tpublic boolean test(HandlerMethod handlerMethod) {\n\t\t\tClass<?> returnType = handlerMethod.getReturnType().getParameterType();\n\t\t\treturn (this.adapterRegistry.getAdapter(returnType) == null\n\t\t\t\t\t&& !KotlinDetector.isSuspendingFunction(handlerMethod.getMethod()));\n\t\t}\n\t}\n\n}",
                "methodCount": 21
            },
            "candidatesTelemetryData": {
                "numberOfSuggestions": 2,
                "candidates": [
                    {
                        "lineStart": 337,
                        "lineEnd": 352,
                        "refactoringType": "MyMoveStaticMethodRefactoring",
                        "refactoringInfo": "Move Static method handleExceptionHandlerFailure to class NonReactiveHandlerMethodPredicate",
                        "description": "move method handleExceptionHandlerFailure to PsiClass:NonReactiveHandlerMethodPredicate\nRationale: The method handleExceptionHandlerFailure() specifically deals with handling exceptions in a reactive context, and though the NonReactiveHandlerMethodPredicate class currently focuses on identifying non-reactive handler methods, it serves as a logical place for housing functionality that pertains to categorizing and dealing with handler methods in general. Moving the method here would keep the functionality cohesive, since both involve handling methods within the same contextual logic. The method does not fit well in its current or any unspecified class, making NonReactiveHandlerMethodPredicate a more suitable location.",
                        "couldCreateRefObject": true,
                        "applied": false,
                        "startedRefactoringFlow": false,
                        "undone": false
                    },
                    {
                        "lineStart": 289,
                        "lineEnd": 335,
                        "refactoringType": "MyMoveInstanceMethodRefactoring",
                        "refactoringInfo": "Move method handleException to class ServerWebExchange",
                        "description": "Move method handleException to org.springframework.web.server.ServerWebExchange\nRationale: The handleException method heavily relies on the ServerWebExchange instance for all its functionality, including retrieving request attributes, clearing response headers, and more. Additionally, it depends on exchange-specific data like the log prefix and attributes, which makes ServerWebExchange a more appropriate home for this method, ensuring it remains closely coupled with its primary dependency.",
                        "couldCreateRefObject": true,
                        "applied": false,
                        "startedRefactoringFlow": false,
                        "undone": false
                    }
                ]
            },
            "iterationData": [
                {
                    "iteration_num": 1,
                    "suggested_move_methods": [
                        {
                            "method_name": "handleException",
                            "method_signature": "private Mono<HandlerResult> handleException(ServerWebExchange exchange, Throwable exception, @Nullable HandlerMethod handlerMethod, @Nullable BindingContext bindingContext)",
                            "target_class": "DispatchExceptionHandler",
                            "rationale": "The method `handleException` is related to dispatching and handling exceptions, which aligns with the responsibility of the `DispatchExceptionHandler` interface. Moving this method will improve cohesion."
                        },
                        {
                            "method_name": "handleExceptionHandlerFailure",
                            "method_signature": "private static Mono<HandlerResult> handleExceptionHandlerFailure(ServerWebExchange exchange, Throwable exception, Throwable invocationEx, ArrayList<Throwable> exceptions, InvocableHandlerMethod invocable)",
                            "target_class": "DispatchExceptionHandler",
                            "rationale": "This method is specifically tied to handling failures during exception handling, aligning well with the `DispatchExceptionHandler` interface."
                        }
                    ],
                    "llm_response_time": 3526
                },
                {
                    "iteration_num": 2,
                    "suggested_move_methods": [
                        {
                            "method_name": "handleError",
                            "method_signature": "public Mono<HandlerResult> handleError(ServerWebExchange exchange, Throwable ex)",
                            "target_class": "DispatchExceptionHandler",
                            "rationale": "The handleError method is a direct implementation of the DispatchExceptionHandler interface and its purpose is to handle exceptions. This logic aligns better with the responsibilities of the DispatchExceptionHandler interface."
                        },
                        {
                            "method_name": "handleException",
                            "method_signature": "private Mono<HandlerResult> handleException(ServerWebExchange exchange, Throwable exception, @Nullable HandlerMethod handlerMethod, @Nullable BindingContext bindingContext)",
                            "target_class": "DispatchExceptionHandler",
                            "rationale": "The handleException method is an internal method for handling exceptions, which aligns with the responsibilities of the DispatchExceptionHandler interface. It is used by the handleError method and should be encapsulated within the DispatchExceptionHandler."
                        },
                        {
                            "method_name": "handleExceptionHandlerFailure",
                            "method_signature": "private static Mono<HandlerResult> handleExceptionHandlerFailure(ServerWebExchange exchange, Throwable exception, Throwable invocationEx, ArrayList<Throwable> exceptions, InvocableHandlerMethod invocable)",
                            "target_class": "DispatchExceptionHandler",
                            "rationale": "The handleExceptionHandlerFailure method is focused on handling failures during exception handling, and is related to the exception handling logic, making it a suitable candidate for moving to the DispatchExceptionHandler class."
                        }
                    ],
                    "llm_response_time": 4026
                },
                {
                    "iteration_num": 3,
                    "suggested_move_methods": [
                        {
                            "method_name": "handleError",
                            "method_signature": "public Mono<HandlerResult> handleError(ServerWebExchange exchange, Throwable ex)",
                            "target_class": "DispatchExceptionHandler",
                            "rationale": "The method handleError deals with the handling of exceptions and fits more appropriately in the DispatchExceptionHandler class."
                        },
                        {
                            "method_name": "handleException",
                            "method_signature": "private Mono<HandlerResult> handleException(ServerWebExchange exchange, Throwable exception, @Nullable HandlerMethod handlerMethod, @Nullable BindingContext bindingContext)",
                            "target_class": "DispatchExceptionHandler",
                            "rationale": "The method handleException gets invoked in case of an exception, making it relevant to the DispatchExceptionHandler class, fitting the context of exception handling methods better."
                        },
                        {
                            "method_name": "handleExceptionHandlerFailure",
                            "method_signature": "private static Mono<HandlerResult> handleExceptionHandlerFailure(ServerWebExchange exchange, Throwable exception, Throwable invocationEx, ArrayList<Throwable> exceptions, InvocableHandlerMethod invocable)",
                            "target_class": "DispatchExceptionHandler",
                            "rationale": "This method handles the failure during exception handling. It belongs in DispatchExceptionHandler class to logically group exception-related logic."
                        },
                        {
                            "method_name": "setApplicationContext",
                            "method_signature": "public void setApplicationContext(ApplicationContext applicationContext)",
                            "target_class": "ApplicationContextAware",
                            "rationale": "The method setApplicationContext is used for setting the ApplicationContext, which is more relevant to the ApplicationContextAware interface."
                        }
                    ],
                    "llm_response_time": 4524
                },
                {
                    "iteration_num": -1,
                    "suggested_move_methods": [
                        {
                            "method_name": "handleException",
                            "method_signature": "private handleException(\n\t\t\tServerWebExchange exchange, Throwable exception,\n\t\t\t@Nullable HandlerMethod handlerMethod, @Nullable BindingContext bindingContext)",
                            "target_class": "",
                            "rationale": ""
                        },
                        {
                            "method_name": "handleExceptionHandlerFailure",
                            "method_signature": "private static handleExceptionHandlerFailure(\n\t\t\tServerWebExchange exchange, Throwable exception, Throwable invocationEx,\n\t\t\tArrayList<Throwable> exceptions, InvocableHandlerMethod invocable)",
                            "target_class": "",
                            "rationale": ""
                        }
                    ],
                    "llm_response_time": 0
                },
                {
                    "iteration_num": -2,
                    "suggested_move_methods": [
                        {
                            "method_name": "handleExceptionHandlerFailure",
                            "method_signature": "private static handleExceptionHandlerFailure(\n\t\t\tServerWebExchange exchange, Throwable exception, Throwable invocationEx,\n\t\t\tArrayList<Throwable> exceptions, InvocableHandlerMethod invocable)",
                            "target_class": "",
                            "rationale": ""
                        },
                        {
                            "method_name": "handleException",
                            "method_signature": "private handleException(\n\t\t\tServerWebExchange exchange, Throwable exception,\n\t\t\t@Nullable HandlerMethod handlerMethod, @Nullable BindingContext bindingContext)",
                            "target_class": "",
                            "rationale": ""
                        }
                    ],
                    "llm_response_time": 0
                }
            ],
            "methodCompatibilityScores": {
                "tf-idf": {
                    "private static handleExceptionHandlerFailure(\n\t\t\tServerWebExchange exchange, Throwable exception, Throwable invocationEx,\n\t\t\tArrayList<Throwable> exceptions, InvocableHandlerMethod invocable)": {
                        "first": {
                            "method_name": "handleExceptionHandlerFailure",
                            "method_signature": "private static handleExceptionHandlerFailure(\n\t\t\tServerWebExchange exchange, Throwable exception, Throwable invocationEx,\n\t\t\tArrayList<Throwable> exceptions, InvocableHandlerMethod invocable)",
                            "target_class": "",
                            "rationale": ""
                        },
                        "second": 0.45078175095471124
                    },
                    "private handleException(\n\t\t\tServerWebExchange exchange, Throwable exception,\n\t\t\t@Nullable HandlerMethod handlerMethod, @Nullable BindingContext bindingContext)": {
                        "first": {
                            "method_name": "handleException",
                            "method_signature": "private handleException(\n\t\t\tServerWebExchange exchange, Throwable exception,\n\t\t\t@Nullable HandlerMethod handlerMethod, @Nullable BindingContext bindingContext)",
                            "target_class": "",
                            "rationale": ""
                        },
                        "second": 0.5623125192847752
                    }
                },
                "voyage": {
                    "private static handleExceptionHandlerFailure(\n\t\t\tServerWebExchange exchange, Throwable exception, Throwable invocationEx,\n\t\t\tArrayList<Throwable> exceptions, InvocableHandlerMethod invocable)": {
                        "first": {
                            "method_name": "handleExceptionHandlerFailure",
                            "method_signature": "private static handleExceptionHandlerFailure(\n\t\t\tServerWebExchange exchange, Throwable exception, Throwable invocationEx,\n\t\t\tArrayList<Throwable> exceptions, InvocableHandlerMethod invocable)",
                            "target_class": "",
                            "rationale": ""
                        },
                        "second": 0.5130508929307962
                    },
                    "private handleException(\n\t\t\tServerWebExchange exchange, Throwable exception,\n\t\t\t@Nullable HandlerMethod handlerMethod, @Nullable BindingContext bindingContext)": {
                        "first": {
                            "method_name": "handleException",
                            "method_signature": "private handleException(\n\t\t\tServerWebExchange exchange, Throwable exception,\n\t\t\t@Nullable HandlerMethod handlerMethod, @Nullable BindingContext bindingContext)",
                            "target_class": "",
                            "rationale": ""
                        },
                        "second": 0.6084097464266331
                    }
                }
            },
            "llmMethodPriority": {
                "tf-idf": {
                    "priority_method_names": [
                        "private static handleExceptionHandlerFailure(\n\t\t\tServerWebExchange exchange, Throwable exception, Throwable invocationEx,\n\t\t\tArrayList<Throwable> exceptions, InvocableHandlerMethod invocable)",
                        "private handleException(\n\t\t\tServerWebExchange exchange, Throwable exception,\n\t\t\t@Nullable HandlerMethod handlerMethod, @Nullable BindingContext bindingContext)"
                    ],
                    "llm_response_time": 4213
                },
                "tf-idf-5": {
                    "priority_method_names": [
                        "private static handleExceptionHandlerFailure(\n\t\t\tServerWebExchange exchange, Throwable exception, Throwable invocationEx,\n\t\t\tArrayList<Throwable> exceptions, InvocableHandlerMethod invocable)",
                        "private handleException(\n\t\t\tServerWebExchange exchange, Throwable exception,\n\t\t\t@Nullable HandlerMethod handlerMethod, @Nullable BindingContext bindingContext)"
                    ],
                    "llm_response_time": 1
                },
                "tf-df-3": {
                    "priority_method_names": [
                        "private static handleExceptionHandlerFailure(\n\t\t\tServerWebExchange exchange, Throwable exception, Throwable invocationEx,\n\t\t\tArrayList<Throwable> exceptions, InvocableHandlerMethod invocable)",
                        "private handleException(\n\t\t\tServerWebExchange exchange, Throwable exception,\n\t\t\t@Nullable HandlerMethod handlerMethod, @Nullable BindingContext bindingContext)"
                    ],
                    "llm_response_time": 0
                },
                "voyage": {
                    "priority_method_names": [
                        "private static handleExceptionHandlerFailure(\n\t\t\tServerWebExchange exchange, Throwable exception, Throwable invocationEx,\n\t\t\tArrayList<Throwable> exceptions, InvocableHandlerMethod invocable)",
                        "private handleException(\n\t\t\tServerWebExchange exchange, Throwable exception,\n\t\t\t@Nullable HandlerMethod handlerMethod, @Nullable BindingContext bindingContext)"
                    ],
                    "llm_response_time": 1
                },
                "voyage-5": {
                    "priority_method_names": [
                        "private static handleExceptionHandlerFailure(\n\t\t\tServerWebExchange exchange, Throwable exception, Throwable invocationEx,\n\t\t\tArrayList<Throwable> exceptions, InvocableHandlerMethod invocable)",
                        "private handleException(\n\t\t\tServerWebExchange exchange, Throwable exception,\n\t\t\t@Nullable HandlerMethod handlerMethod, @Nullable BindingContext bindingContext)"
                    ],
                    "llm_response_time": 1
                },
                "voyage-3": {
                    "priority_method_names": [
                        "private static handleExceptionHandlerFailure(\n\t\t\tServerWebExchange exchange, Throwable exception, Throwable invocationEx,\n\t\t\tArrayList<Throwable> exceptions, InvocableHandlerMethod invocable)",
                        "private handleException(\n\t\t\tServerWebExchange exchange, Throwable exception,\n\t\t\t@Nullable HandlerMethod handlerMethod, @Nullable BindingContext bindingContext)"
                    ],
                    "llm_response_time": 0
                }
            },
            "targetClassMap": {
                "handleExceptionHandlerFailure": {
                    "target_classes": [
                        {
                            "class_name": "NonReactiveHandlerMethodPredicate",
                            "similarity_score": 0.30815781721396834
                        }
                    ],
                    "target_classes_sorted_by_llm": [
                        "NonReactiveHandlerMethodPredicate"
                    ],
                    "llm_response_time": 2336,
                    "similarity_computation_time": 0,
                    "similarity_metric": "cosine"
                },
                "handleException": {
                    "target_classes": [
                        {
                            "class_name": "ServerWebExchange",
                            "similarity_score": 0.08663867071095029
                        },
                        {
                            "class_name": "Log",
                            "similarity_score": 0.03792153568144882
                        },
                        {
                            "class_name": "WebBindingInitializer",
                            "similarity_score": 0.06757213639576971
                        },
                        {
                            "class_name": "ConfigurableApplicationContext",
                            "similarity_score": 0.04774096732884229
                        }
                    ],
                    "target_classes_sorted_by_llm": [
                        "ServerWebExchange",
                        "WebBindingInitializer",
                        "ConfigurableApplicationContext"
                    ],
                    "llm_response_time": 2281,
                    "similarity_computation_time": 2,
                    "similarity_metric": "cosine"
                }
            }
        }
    }
]