{
    "ant": {
        "large": "method org.apache.tools.ant.types.FileSet::XsetIgnore(String):void need move to org.apache.tools.ant.taskdefs.MatchingTask\nmethod org.apache.tools.ant.util.ScriptRunnerHelper::executeScript2(Map, Map, ScriptDefBase):void need move to org.apache.tools.ant.taskdefs.optional.script.ScriptDef\nmethod org.apache.tools.ant.types.Reference::loadProperties(Properties, InputStream, boolean):void need move to org.apache.tools.ant.taskdefs.Property\nmethod org.apache.tools.ant.taskdefs.optional.ejb.EjbJar.Config::checkAndAddDependants(Hashtable):void need move to org.apache.tools.ant.taskdefs.optional.ejb.GenericDeploymentTool\nmethod org.apache.tools.ant.util.FileUtils::eval2():boolean need move to org.apache.tools.ant.taskdefs.condition.IsFileSelected\nmethod org.apache.tools.ant.types.selectors.TokenizedPath::isIncluded(TokenizedPath):boolean need move to org.apache.tools.ant.DirectoryScanner\nmethod org.apache.tools.ant.util.SymbolicLinkUtils::loadLinks(Vector):Properties need move to org.apache.tools.ant.taskdefs.optional.unix.Symlink\nmethod org.apache.tools.ant.types.CommandlineJava::execute():void need move to org.apache.tools.ant.taskdefs.optional.javacc.JJDoc\n",
        "small": "method org.apache.tools.ant.filters.FixCrLfFilter::setDestdir(File):void need move to org.apache.tools.ant.taskdefs.FixCRLF\nmethod org.apache.tools.ant.taskdefs.Parallel::setFailureMessage(String):void need move to org.apache.tools.ant.taskdefs.optional.testing.Funtest\nmethod org.apache.tools.ant.types.Environment::setOutputproperty(String):void need move to org.apache.tools.ant.taskdefs.Java\nmethod org.apache.tools.ant.types.RegularExpression::addRegexp(RegularExpression):void need move to org.apache.tools.ant.taskdefs.condition.Matches\nmethod org.apache.tools.ant.util.ClasspathUtils.Delegate::getLoaderId():String need move to org.apache.tools.ant.taskdefs.DefBase\nmethod org.apache.tools.ant.filters.StripLineBreaks::addStripLineBreaks(StripLineBreaks):void need move to org.apache.tools.ant.types.FilterChain\nmethod org.apache.tools.ant.types.ZipScanner::setUpdate(boolean):void need move to org.apache.tools.ant.taskdefs.Zip\nmethod org.apache.tools.ant.types.Comparison::setValue(long):void need move to org.apache.tools.ant.types.selectors.SizeSelector\n- method org.apache.tools.ant.util.LineTokenizer::chain(Reader):Reader need move to org.apache.tools.ant.filters.HeadFilter\nmethod org.apache.tools.ant.types.RedirectorElement::setSpawn(boolean):void need move to org.apache.tools.ant.taskdefs.ExecTask\n"
    },
    "mvnforum": {
        "large": "method net.myvietnam.mvncore.interceptor.InterceptorService::prepareAdd(GenericRequest, GenericResponse):void need move com.mvnforum.user.PostWebHandler\nmethod com.mvnforum.common.ForumIconLegend::drawForum2(CategoryTreeEvent):String need move com.mvnforum.categorytree.impl.CategoryTreeListenerImpl\nmethod com.mvnforum.db.WatchBean::appendWatch2(WatchBean):void need move com.mvnforum.user.WatchMail\nmethod com.mvnforum.db.PostBean::deletePost(GenericRequest, PostBean):void need move com.mvnforum.user.PostWebHandler\nmethod com.mvnforum.db.CategoryBean::drawForum2(CategoryTreeEvent):String need move com.mvnforum.categorytree.impl.ListForums\nmethod com.mvnsoft.mvnad.db.ZoneBean::getNextBanner():BannerBean need move com.mvnsoft.mvnad.delivery.ZoneManager\nmethod com.mvnforum.db.MemberBean::createWatchMessageBean(Collection):void need move com.mvnforum.user.WatchMail\nmethod com.mvnforum.admin.GroupXML::setGroupClass(String):void need move com.mvnforum.admin.importexport.mvnforum.MvnForumGroupXML\nmethod com.mvnforum.categorytree.CategoryTreeEvent::drawForum2(CategoryTreeEvent):String need move com.mvnforum.categorytree.impl.RSSImpl\n",
        "small": "method com.mvnforum.admin.CategoryXML::setCategoryOrder(String):void need move com.mvnforum.admin.importexport.mvnforum.MvnForumCategoryXML\nmethod com.mvnforum.admin.ThreadXML::addJiveThreadWatch(String, String, String):void need move com.mvnforum.admin.importexport.jive.JiveThreadXML\n- method net.myvietnam.mvncore.thirdparty.commonj.util.ThreadPool::isSuspending():boolean need move net.myvietnam.mvncore.thirdparty.commonj.timers.FooTimerManager\nmethod com.mvnforum.admin.ForumXML::setForumPassword(String):void need move com.mvnforum.admin.importexport.mvnforum.MvnForumForumXML\n- method com.mvnforum.auth.OnlineUserAction::convertGMTDate(java.util.Date):java.util.Date need move com.mvnforum.auth.OnlineUserImpl\nmethod com.mvnforum.admin.MemberXML::setMemberEmailVisible(String):void need move com.mvnforum.admin.importexport.mvnforum.MvnForumMemberXML\nmethod com.mvnforum.admin.AttachmentXML::setAttachDownloadCount(String):void need move com.mvnforum.admin.importexport.mvnforum.MvnForumAttachmentXML\n- method net.myvietnam.mvncore.service.BinaryStorageHandle::loadData(String, String, BinaryStorageHandle):byte[] need move net.myvietnam.mvncore.service.impl.BinaryStorageServiceImplBase\n"
    },
    "lucene": {
        "large": "method org.apache.lucene.codecs.TermStats::finishTerm2(TermStats):void need move org.apache.lucene.codecs.lucene41.Lucene41PostingsWriter\nmethod org.apache.lucene.codecs.FieldsConsumer::flush(String, FieldsConsumer, SegmentWriteState):void need move org.apache.lucene.index.FreqProxTermsWriterPerField\nmethod org.apache.lucene.search.Collector::score2():float need move org.apache.lucene.facet.search.DrillSidewaysScorer\nmethod org.apache.lucene.codecs.TermVectorsReader::getSortedDocValues(String):SortedDocValues need move org.apache.lucene.index.SegmentCoreReaders\nmethod org.apache.lucene.index.AtomicReader::correctBits(AtomicReader, Bits):FixedBitSet need move org.apache.lucene.sandbox.queries.DuplicateFilter\nmethod org.apache.lucene.store.ByteArrayDataOutput::build2(IntsRef, Iterable<CategoryPath>):Map<String,BytesRef> need move org.apache.lucene.facet.associations.AssociationsListBuilder\nmethod org.apache.lucene.search.TermQuery::testKeepsLastFilter():void need move org.apache.lucene.sandbox.queries.DuplicateFilterTest\nmethod org.apache.lucene.index.StoredFieldVisitor::visitDocument2(int, StoredFieldVisitor):void need move org.apache.lucene.codecs.simpletext.SimpleTextStoredFieldsReader\nmethod org.apache.lucene.index.Fields::addAllDocVectors(Fields, MergeState):void need move org.apache.lucene.codecs.TermVectorsWriter\nmethod org.apache.lucene.analysis.util.OpenStringBuilder::izeEndings():void need move org.apache.lucene.analysis.en.KStemmer\n",
        "small": "- method org.apache.lucene.codecs.SegmentInfoFormat::docValuesFormat():DocValuesFormat need move org.apache.lucene.codecs.lucene41.Lucene41Codec\nmethod org.apache.lucene.facet.params.FacetIndexingParams::testAndOrs():void need move org.apache.lucene.facet.search.DrillDownQueryTest\n- method org.apache.lucene.analysis.ja.dict.UserDictionary::create(Reader):Tokenizer need move org.apache.lucene.analysis.ja.JapaneseTokenizerFactory\nmethod org.apache.lucene.analysis.util.RollingCharBuffer::normalizeIterationMark(char):char need move org.apache.lucene.analysis.ja.JapaneseIterationMarkCharFilter\n- method org.apache.lucene.codecs.FieldInfosFormat::postingsFormat():PostingsFormat need move org.apache.lucene.codecs.simpletext.SimpleTextCodec\nmethod org.apache.lucene.util.automaton.CharacterRunAutomaton::getEnablePositionIncrements():boolean need move org.apache.lucene.analysis.MockTokenFilter\nmethod org.apache.lucene.facet.params.FacetSearchParams::getDrillDownAccumulator(FacetSearchParams):FacetsAccumulator need move org.apache.lucene.facet.search.DrillSideways\n- method org.apache.lucene.search.similarities.Similarity::setReaderTermsIndexDivisor(int):LiveIndexWriterConfig need move org.apache.lucene.index.LiveIndexWriterConfig\n- method org.apache.lucene.facet.complements.TotalFacetCounts::getComplementThreshold():double need move org.apache.lucene.facet.search.StandardFacetsAccumulator\nmethod org.apache.lucene.benchmark.byTask.utils.Algorithm::getRunData():PerfRunData need move org.apache.lucene.benchmark.byTask.Benchmark\n"
    },
    "junit": {
        "large": "method org.junit.runner.Result::printFailures(Result):void need move to org.junit.internal.TextListener\nmethod junit.framework.TestResult::printFooter(TestResult):void need move to junit.textui.ResultPrinter\nmethod org.junit.runners.model.Statement::apply(Statement, FrameworkMethod, Object):Statement need move to org.junit.rules.TestWatchman\nmethod org.junit.experimental.theories.ParameterSignature::addFields(ParameterSignature, List<PotentialAssignment>):void need move to org.junit.experimental.theories.internal.AllMembersSupplier\nmethod org.junit.runner.Description::runBefores():void need move to org.junit.internal.runners.ClassRoadie\nmethod org.junit.runners.model.Statement::evaluate():void need move to org.junit.internal.runners.statements.ExpectException\nmethod org.junit.runner.notification.RunNotifier::runTestMethod():void need move to org.junit.internal.runners.MethodRoadie\nmethod org.junit.runner.manipulation.Filter::filter2(Filter):void need move to org.junit.internal.runners.JUnit38ClassRunner\nmethod org.junit.runner.manipulation.Filter::filter3(Filter):void need move to org.junit.internal.runners.JUnit4ClassRunner\nmethod org.junit.runner.Result::printFooter(Result):void need move to org.junit.internal.TextListener\n",
        "small": "method org.junit.runner.notification.RunNotifier::addFailure(Throwable):void need move to org.junit.internal.runners.ClassRoadie\nmethod org.junit.runners.model.TestClass::getArgumentStrings(boolean):Object[] need move to org.junit.experimental.theories.internal.Assignments\nmethod org.junit.runner.Runner::run2(TestResult):void need move to junit.framework.JUnit4TestAdapter\nmethod junit.framework.AssertionFailedError::addFailure2(Test, AssertionFailedError):void need move to junit.textui.ResultPrinter\nmethod org.junit.runners.model.TestClass::getAllArguments(boolean):Object[] need move to org.junit.experimental.theories.internal.Assignments\nmethod org.junit.runner.Request::sortRequest(Request):Request need move to org.junit.experimental.max.MaxCore\nmethod org.junit.runner.notification.RunListener::removeListener(RunListener):void need move to org.junit.runner.JUnitCore\nmethod org.junit.runner.Description::apply(Statement, Description):Statement need move to org.junit.rules.Timeout\nmethod org.junit.runners.model.RunnerBuilder::runnerForClass2(Class<?>):Runner need move to org.junit.internal.builders.AnnotatedBuilder\nmethod org.junit.runner.manipulation.Filter::filterWith2(Filter):Request need move to org.junit.runner.Request\n"
    },
    "jgroups": {
        "large": "method org.jgroups.stack.Protocol::down(Event):Object need move org.jgroups.protocols.pbcast.NAKACK\nmethod org.jgroups.JChannel::findParentNode(String, StringHolder, boolean):Node need move org.jgroups.blocks.ReplicatedTree\nmethod org.jgroups.stack.ProtocolStack::testDefaultAssignment():void need move org.jgroups.tests.ProtocolConfigurationTest\nmethod org.jgroups.util.Queue::up(Event):Object need move org.jgroups.JChannel\nmethod org.jgroups.util.AckCollector::fetchServiceStates(Address, Set<String>, long):boolean need move org.jgroups.mux.Multiplexer\nmethod org.jgroups.util.BoundedList::determinePingDest():Address need move org.jgroups.protocols.FD_SOCK\nmethod org.jgroups.util.Digest::rebroadcastMessages():void need move org.jgroups.protocols.pbcast.NAKACK\nmethod org.jgroups.stack.IpAddress::testStreamableAdditionalData():void need move org.jgroups.tests.IpAddressTest\nmethod org.jgroups.util.Promise::sendNotification(Serializable):void need move org.jgroups.blocks.NotificationBus\nmethod org.jgroups.stack.NakReceiverWindow::testConcurrentInsertionOfSameSeqno():void need move org.jgroups.tests.NakReceiverWindowTest2\n",
        "small": "- method org.jgroups.Event::passToAllMuxChannels(Event):void need move org.jgroups.mux.Multiplexer\nmethod org.jgroups.stack.AckReceiverWindow::getList():List<Message> need move org.jgroups.tests.AckReceiverWindowTest.Remover\nmethod org.jgroups.util.TimeScheduler::getNumberOfReceiverScopes():int need move org.jgroups.protocols.SCOPE\nmethod org.jgroups.Membership::fixDigests():void need move org.jgroups.protocols.pbcast.GMS\nmethod org.jgroups.blocks.DistributedTree::clearTable():void need move org.jgroups.demos.DistributedTreeDemo\nmethod org.jgroups.blocks.RpcDispatcher::setNumMessages():void need move org.jgroups.tests.UnicastTestRpc\n- method org.jgroups.blocks.DistributedQueue::entryAdd(Object):void need move org.jgroups.demos.DistributedQueueDemo\n- method org.jgroups.util.UUID::stopFlush(List<Address>):void need move org.jgroups.JChannel\nmethod org.jgroups.util.MutableDigest::testImmutability4():void need move org.jgroups.tests.DigestTest\nmethod org.jgroups.blocks.MessageDispatcher::test2000ByteMessageToSelf():void need move org.jgroups.tests.MessageDispatcherUnitTest\n"
    },
    "jfreechart": {
        "large": "method org.jfree.chart.plot.PlotState::draw2(Graphics2D, Rectangle2D, Point2D, PlotState, PlotRenderingInfo):void need move org.jfree.chart.plot.dial.DialPlot\nmethod org.jfree.data.RangeType::autoAdjustRange2():void need move org.jfree.chart.axis.NumberAxis\nmethod org.jfree.chart.ChartRenderingInfo::doSaveAs():void need move org.jfree.experimental.chart.swt.ChartComposite\nmethod org.jfree.chart.axis.AxisLocation::draw2(Graphics2D, Rectangle2D, Object):Object need move org.jfree.chart.title.PaintScaleLegend\nmethod org.jfree.chart.LegendItemCollection::drawDomainMarkers(Graphics2D, Rectangle2D, int, Layer):void need move org.jfree.chart.plot.XYPlot\nmethod org.jfree.chart.block.RectangleConstraint::arrange2(Graphics2D, RectangleConstraint):Size2D need move org.jfree.chart.title.LegendGraphic\nmethod org.jfree.chart.title.Title::drawTitle(Title, Graphics2D, Rectangle2D, boolean):EntityCollection need move org.jfree.chart.JFreeChart\nmethod org.jfree.chart.JFreeChart::testReplaceDataset():void need move org.jfree.chart.junit.StackedBarChartTests\nmethod org.jfree.chart.LegendItem::createLegendItemBlock(LegendItem):Block need move org.jfree.chart.title.LegendTitle\nmethod org.jfree.chart.renderer.xy.XYItemRendererState::drawPrimaryLine2(XYItemRendererState, Graphics2D, XYPlot, XYDataset, int, int, int, ValueAxis, ValueAxis, Rectangle2D):void need move org.jfree.experimental.chart.renderer.xy.XYSmoothLineAndShapeRenderer\n",
        "small": "- method org.jfree.data.DefaultKeyedValues2D::removeRow(int):void need move org.jfree.data.category.DefaultCategoryDataset\nmethod org.jfree.chart.ClipPath::setDomainCrosshairLockedOnData(boolean):void need move org.jfree.chart.plot.ContourPlot\n- method org.jfree.data.Range::getItemCount(int):int need move org.jfree.data.time.DynamicTimeSeriesCollection\nmethod org.jfree.chart.ChartPanel::setFollowDataInSubranges(boolean):void need move org.jfree.chart.plot.JThermometer\n- method org.jfree.chart.event.PlotChangeEvent::plotChanged(PlotChangeEvent):void need move org.jfree.chart.plot.CombinedDomainXYPlot\nmethod org.jfree.chart.plot.Plot::setPlot(Plot):void need move org.jfree.chart.axis.Axis\nmethod org.jfree.chart.axis.ValueAxis::setRangeGridlinesVisible(boolean):void need move org.jfree.chart.plot.FastScatterPlot\nmethod org.jfree.chart.event.TitleChangeEvent::notifyListeners(TitleChangeEvent):void need move org.jfree.chart.title.Title\nmethod org.jfree.data.general.DatasetGroup::setDatasetGroup(DatasetGroup):void need move org.jfree.chart.plot.Plot\nmethod org.jfree.chart.PaintMap::setIgnoreNullValues(boolean):void need move org.jfree.chart.plot.PiePlot\n"
    },
    "derby": {
        "large": "method org.apache.derby.iapi.sql.dictionary.TablePermsDescriptor::getUncachedTablePermsDescriptor(TablePermsDescriptor):TablePermsDescriptor need move to org.apache.derby.impl.sql.catalog.DataDictionaryImpl\nmethod org.apache.derby.drda.NetworkServerControl::startSeparateProcess():SpawnedProcess need move to org.apache.derbyTesting.junit.NetworkServerTestSetup\nmethod org.apache.derbyTesting.system.nstest.utils.DbUtil::startInserts():void need move to org.apache.derbyTesting.system.nstest.init.Initializer\nmethod org.apache.derby.impl.jdbc.PositionedStoreStream::setBinaryStream(long):java.io.OutputStream need move to org.apache.derby.impl.jdbc.EmbedBlob\nmethod org.apache.derby.iapi.services.io.LimitInputStream::run():Object need move to org.apache.derby.impl.store.raw.data.StreamFileContainer\nmethod org.apache.derby.iapi.store.raw.xact.RawTransaction::update(Observable, Object):void need move to org.apache.derby.impl.store.raw.data.BaseContainerHandle\nmethod org.apache.derby.iapi.util.ByteArray::restoreMe(Transaction, BasePage, LogInstant, LimitObjectInput):void need move to org.apache.derby.impl.store.raw.data.InsertOperation\nmethod org.apache.derby.iapi.sql.dictionary.TupleDescriptor::buildDescriptor(ExecRow, TupleDescriptor, DataDictionary):TupleDescriptor need move to org.apache.derby.impl.sql.catalog.SYSSTATEMENTSRowFactory\nmethod org.apache.derby.impl.sql.GenericStatement::lookupStatement(GenericStatement):PreparedStatement need move to org.apache.derby.impl.sql.conn.GenericLanguageConnectionContext\nmethod org.apache.derby.iapi.tools.i18n.LocalizedInput::caseInfo(mtTestCase):void need move to org.apache.derby.impl.tools.ij.mtGrammar\n",
        "small": "method org.apache.derby.client.net.NetConnectionReply::getInputStream():java.io.InputStream need move to org.apache.derby.client.net.NetAgent\n- method org.apache.derby.impl.store.access.btree.OpenBTree::lockScanRow(OpenBTree, BTree, BTreeRowPosition, FetchDescriptor, DataValueDescriptor[], RowLocation, boolean, boolean, int):boolean need move to org.apache.derby.impl.store.access.btree.index.B2IRowLocking1\nmethod org.apache.derby.iapi.sql.dictionary.IndexRowGenerator::setConglomerateNumber(long):void need move to org.apache.derby.impl.sql.catalog.IndexInfoImpl\nmethod org.apache.derby.jdbc.ClientConnectionPoolDataSource40::getParentLogger():Logger need move to org.apache.derbyTesting.functionTests.tests.jdbc4.Wrapper41DataSource\n- method org.apache.derby.client.net.NetPackageReply::resetAgent_(org.apache.derby.client.am.LogWriter, int, String, int):void need move to org.apache.derby.client.net.NetAgent\nmethod org.apache.derby.iapi.types.SQLInteger::isUpdated():boolean need move to org.apache.derby.impl.sql.execute.ScrollInsensitiveResultSet\n- method org.apache.derby.vti.Restriction::getFloat(int):float need move to org.apache.derbyTesting.functionTests.tests.lang.RestrictedTableVTI\nmethod org.apache.derby.iapi.sql.dictionary.PermDescriptor::getUncachedGenericPermDescriptor(PermDescriptor):PermDescriptor need move to org.apache.derby.impl.sql.catalog.DataDictionaryImpl\n- method org.apache.derby.iapi.sql.dictionary.GenericDescriptorList::setRefActionInfo(long, int[], String, boolean):void need move to org.apache.derby.impl.sql.compile.DMLModStatementNode\n- method org.apache.derby.impl.sql.compile.SubqueryList::setSharedState(String, java.io.Serializable):void need move to org.apache.derby.impl.sql.compile.FromVTI\n"
    },
    "jhotdraw": {
        "large": "method org.jhotdraw.samples.draw.DrawingPanel::load(java.awt.event.ActionEvent):void need move to org.jhotdraw.samples.draw.DrawLiveConnectApplet\nmethod org.jhotdraw.gui.JMDIDesktopPane::show(View):void need move to org.jhotdraw.app.MDIApplication\nmethod org.jhotdraw.draw.text.FloatingTextArea::endEdit():void need move to org.jhotdraw.draw.tool.TextAreaCreationTool\nmethod org.jhotdraw.io.StreamPosTokenizer::readViewportAttributes(IXMLElement, HashMap<AttributeKey,Object>):void need move to org.jhotdraw.samples.svg.io.SVGInputFormat\nmethod org.jhotdraw.gui.JFontChooser::applySelectedFontToFigures():void need move to org.jhotdraw.draw.action.FontChooserHandler\nmethod org.jhotdraw.undo.UndoRedoManager::getLineOfOffset(int):int need move to org.jhotdraw.samples.teddy.TeddyView\nmethod org.jhotdraw.samples.teddy.regex.Matcher::initComponents():void need move to org.jhotdraw.samples.teddy.FindDialog\nmethod org.jhotdraw.draw.AttributeKey::calculateLayout2():Rectangle2D.Double need move to org.jhotdraw.draw.layouter.LocatorLayouter\nmethod org.jhotdraw.samples.svg.gui.ViewToolBar::setEditor():void need move to org.jhotdraw.samples.svg.SVGDrawingPanel\nmethod org.jhotdraw.samples.svg.gui.ProgressIndicator::loadDrawing():Drawing need move to org.jhotdraw.samples.svg.SVGApplet\nmethod org.jhotdraw.draw.AttributeKey::getDrawingArea2():Rectangle2D.Double need move to org.jhotdraw.draw.DiamondFigure\nmethod org.jhotdraw.geom.BezierPath.Node::trackEnd2(Point, Point, int):void need move to org.jhotdraw.draw.handle.BezierNodeHandle\nmethod org.jhotdraw.samples.svg.SVGDrawingPanel::getOpenChooser():JFileChooser need move to org.jhotdraw.samples.mini.SVGDrawingPanelSample\nmethod org.jhotdraw.geom.BezierPath::chop(Point2D.Double):Point2D.Double need move to org.jhotdraw.draw.BezierFigure\nmethod org.jhotdraw.samples.odg.io.ODGStylesReader::readEnhancedGeometryElement(IXMLElement, Map<AttributeKey,Object>, Rectangle2D.Double):ODGFigure need move to org.jhotdraw.samples.odg.io.ODGInputFormat\nmethod org.jhotdraw.draw.connector.LocatorConnector::findCompatibleConnector(Connector, boolean):Connector need move to org.jhotdraw.samples.net.figures.NodeFigure\nmethod org.jhotdraw.samples.svg.figures.SVGTextAreaFigure::writeTextAreaElement(IXMLElement, SVGTextAreaFigure):void need move to org.jhotdraw.samples.svg.io.SVGOutputFormat\nmethod net.n3.nanoxml.XMLElement::print():void need move to org.jhotdraw.xml.NanoXMLDOMOutput\nmethod org.jhotdraw.app.OSXApplication::setPalette():void need move to org.jhotdraw.app.action.window.TogglePaletteAction\nmethod org.jhotdraw.draw.event.HandleMulticaster::updateHoverHandles():void need move to org.jhotdraw.draw.tool.DefaultHandleTracker\n",
        "small": "method org.jhotdraw.draw.DrawingEditorProxy::fireAreaInvalidated2():void need move to org.jhotdraw.draw.tool.AbstractTool\nmethod org.jhotdraw.draw.GridConstrainer::getSharedEditor():DefaultDrawingEditor need move to org.jhotdraw.samples.svg.SVGApplicationModel\nmethod org.jhotdraw.gui.JPopupButton::setView(DrawingView):void need move to org.jhotdraw.samples.odg.ODGPropertiesPanel\nmethod org.jhotdraw.draw.event.HandleMulticaster::draw2(Graphics2D):void need move to org.jhotdraw.draw.tool.DefaultHandleTracker\nmethod org.jhotdraw.draw.text.FloatingTextField::creationFinished(Figure):void need move to org.jhotdraw.draw.tool.TextCreationTool\nmethod org.jhotdraw.geom.Dimension2DDouble::findFigureInside(Point2D.Double):Figure need move to org.jhotdraw.draw.QuadTreeCompositeFigure\nmethod org.jhotdraw.gui.JLifeFormattedTextField::getConstrainer():GridConstrainer need move to org.jhotdraw.draw.action.EditGridPanel\nmethod org.jhotdraw.app.OSXApplication::addPalette(Window):void need move to org.jhotdraw.app.osx.OSXPaletteHandler\nmethod org.jhotdraw.draw.event.FigureSelectionEvent::selectionChanged(FigureSelectionEvent):void need move to org.jhotdraw.draw.action.PickAttributesAction\nmethod org.jhotdraw.util.ResourceBundleUtil::canUngroup():boolean need move to org.jhotdraw.samples.svg.action.CombineAction\nmethod org.jhotdraw.samples.svg.gui.CanvasToolBar::setDrawing(Drawing):void need move org.jhotdraw.samples.svg.SVGDrawingPanel\nmethod org.jhotdraw.gui.JFileURIChooser::initActions():void need move org.jhotdraw.samples.odg.ODGView\nmethod org.jhotdraw.draw.DefaultDrawingView::setDrawing(Drawing):void need move org.jhotdraw.samples.draw.DrawingPanel\nmethod net.n3.nanoxml.XMLElement::save2(OutputStream):void need move org.jhotdraw.xml.NanoXMLDOMOutput\nmethod org.jhotdraw.samples.svg.figures.SVGPathFigure::writePolylineElement(IXMLElement, SVGPathFigure):void need move org.jhotdraw.samples.svg.io.ImageMapOutputFormat\nmethod org.jhotdraw.color.JHarmonicColorWheel::mixerDisclosurePerformed(java.awt.event.ActionEvent):void need move org.jhotdraw.samples.color.JMixer\nmethod org.jhotdraw.draw.event.SelectionComponentDisplayer::initComponents():void need move org.jhotdraw.samples.svg.gui.StrokeToolBar\nmethod org.jhotdraw.draw.gui.JAttributeTextField::setDrawing(Drawing):void need move org.jhotdraw.draw.action.EditCanvasPanel\nmethod org.jhotdraw.geom.QuadTree::getFiguresFrontToBack2():java.util.List<Figure> need move org.jhotdraw.draw.QuadTreeDrawing\nmethod org.jhotdraw.draw.BezierFigure::isToolDoneAfterCreation():boolean need move org.jhotdraw.draw.tool.BezierTool\n"
    },
    "drjava": {
        "large": "method edu.rice.cs.drjava.config.ConfigOptionListeners.RequiresInteractionsRestartListener::_setupNotificationsPanel(ConfigPanel):void need move to edu.rice.cs.drjava.ui.config.ConfigFrame\nmethod edu.rice.cs.drjava.model.TestDocGetter::testConstructOneDocWithoutLineNums():void need move to edu.rice.cs.drjava.model.compiler.CompilerErrorModelTest\nmethod edu.rice.cs.drjava.ui.MainFrame::testNE():void need move to edu.rice.cs.drjava.CommandLineTest\nmethod edu.rice.cs.util.swing.FileChooser::_runCommand():void need move to edu.rice.cs.drjava.ui.ExecuteExternalDialog\nmethod edu.rice.cs.util.swing.DelegatingAction::_installNewDocumentListener(OpenDefinitionsDocument):void need move to edu.rice.cs.drjava.ui.MainFrame\nmethod edu.rice.cs.drjava.model.GlobalEventNotifier::testCommentOutMultipleLines():void need move to edu.rice.cs.drjava.model.definitions.CommentTest\nmethod edu.rice.cs.util.swing.DirectoryChooser::_setUpLanguageLevelMenu(int, boolean):JMenu need move to edu.rice.cs.drjava.ui.MainFrame\nmethod edu.rice.cs.drjava.model.FindReplaceMachine::findPrevious():void need move to edu.rice.cs.drjava.ui.FindReplacePanel\nmethod edu.rice.cs.drjava.ui.config.VectorFileOptionComponent::reset2():void need move to edu.rice.cs.drjava.ui.ProjectPropertiesFrame\nmethod edu.rice.cs.drjava.model.repl.InteractionsDJDocument::testHistoryRecallNextMovesToEnd():void need move to edu.rice.cs.drjava.ui.InteractionsPaneTest\n",
        "small": "method edu.rice.cs.drjava.model.repl.InteractionsScriptModel::setActionsDisabled():void need move to edu.rice.cs.drjava.ui.InteractionsScriptController\nmethod edu.rice.cs.drjava.model.junit.JUnitError::progressReset(int):void need move to edu.rice.cs.drjava.ui.JUnitPanel\n- method edu.rice.cs.drjava.model.definitions.DefinitionsEditorKit::closeProject(boolean):void need move to edu.rice.cs.drjava.model.AbstractGlobalModel\nmethod edu.rice.cs.drjava.model.MovingDocumentRegion::disableFindAgain():void need move to edu.rice.cs.drjava.ui.FindResultsPanel\nmethod edu.rice.cs.drjava.ui.config.ConfigFrame::resetDebugFrame():void need move to edu.rice.cs.drjava.ui.MainFrame\nmethod edu.rice.cs.drjava.config.ConfigOptionListeners.SlaveJVMXMXListener::getSelectedCompilerErrorPanel():CompilerErrorPanel need move to edu.rice.cs.drjava.ui.MainFrame\nmethod edu.rice.cs.drjava.model.DJError::getPosition(DJError):Position need move to edu.rice.cs.drjava.model.compiler.CompilerErrorModel\n- method edu.rice.cs.drjava.model.repl.newjvm.MainJVM::junitJVMReady():void need move to edu.rice.cs.drjava.model.junit.DefaultJUnitModel\nmethod edu.rice.cs.drjava.model.AbstractDJDocument::testSecondLineMisindented():void need move to edu.rice.cs.drjava.model.definitions.indent.ActionStartPrevLinePlusTest\n- method edu.rice.cs.drjava.ui.InteractionsController::tempFile(int):File need move to edu.rice.cs.drjava.model.GlobalModelTestCase\n"
    },
    "tapestry": {
        "large": "method org.apache.tapestry5.ioc.internal.util.IdAllocator::copyMethod2(TransformMethodSignature, int, String):void need move org.apache.tapestry5.internal.services.InternalClassTransformationImpl\nmethod org.apache.tapestry5.ioc.internal.services.RegistryShutdownHubImpl::findServiceIdsForInterface(Class):List<String> need move org.apache.tapestry5.ioc.internal.RegistryImpl\nmethod org.apache.tapestry5.corelib.data.InsertPosition::addFormInjector(String, Link, InsertPosition, String):void need move org.apache.tapestry5.internal.services.ClientBehaviorSupportImpl\nmethod org.apache.tapestry5.corelib.internal.ComponentActionSink::afterRender(MarkupWriter):void need move org.apache.tapestry5.corelib.components.FormFragment\nmethod org.apache.tapestry5.internal.parser.AttributeToken::newAttributeElement(ComponentResources, AttributeToken):RenderCommand need move org.apache.tapestry5.internal.services.PageElementFactoryImpl\nmethod org.apache.tapestry5.internal.services.ComponentResultProcessorWrapper::fireValidateFormEvent(EventContext, ComponentResultProcessorWrapper):void need move org.apache.tapestry5.corelib.components.Form\nmethod org.apache.tapestry5.FieldFocusPriority::autofocus2(FieldFocusPriority, String):void need move org.apache.tapestry5.internal.services.RenderSupportImpl\nmethod org.apache.tapestry5.services.ComponentEventRequestParameters::handle2(ComponentEventRequestParameters):void need move org.apache.tapestry5.internal.services.AjaxComponentEventRequestHandler\nmethod org.apache.tapestry5.services.PageRenderRequestParameters::createPageRenderLink2(PageRenderRequestParameters):Link need move org.apache.tapestry5.internal.services.ComponentEventLinkEncoderImpl\nmethod org.apache.tapestry5.internal.parser.ExtensionPointToken::queueOverrideTokensForExtensionPoint(ExtensionPointToken, Stack<TemplateToken>, List<ComponentTemplate>):void need move org.apache.tapestry5.internal.pageload.PageLoaderImpl\n",
        "small": "method org.apache.tapestry5.corelib.mixins.RenderDisabled::defaultModel():SelectModel need move org.apache.tapestry5.corelib.components.Select\nmethod org.apache.tapestry5.internal.services.ComponentRequestHandlerTerminator::buildComponentRequestHandler(List<ComponentRequestFilter>, ComponentRequestHandlerTerminator, Logger):ComponentRequestHandler need move org.apache.tapestry5.services.TapestryModule\nmethod org.apache.tapestry5.integration.app1.data.SubscribeData::onActionFromClear():void need move org.apache.tapestry5.integration.app1.pages.FormFragmentDemo\nmethod org.apache.tapestry5.services.BeanBlockContribution::toBlock(BeanBlockContribution):Block need move org.apache.tapestry5.internal.services.BeanBlockOverrideSourceImpl\nmethod org.apache.tapestry5.corelib.data.BlankOption::setBlankOption(BlankOption, String):void need move org.apache.tapestry5.corelib.components.Select\nmethod org.apache.tapestry5.corelib.components.Checkbox::getTextFieldTranslator():FieldTranslator need move org.apache.tapestry5.corelib.pages.PropertyEditBlocks\nmethod org.apache.tapestry5.ioc.services.MethodSignature::failIfNotFrozen():void need move org.apache.tapestry5.internal.services.InternalClassTransformationImpl\nmethod org.apache.tapestry5.integration.app1.data.Track::getTracks():Set<Track> need move org.apache.tapestry5.integration.app1.pages.GridSetDemo\nmethod org.example.testapp.services.SpringStatusProvider::onSuccess():void need move org.example.testapp.pages.Start\nmethod org.apache.tapestry5.corelib.components.BeanEditor::onActionFromClear():void need move org.apache.tapestry5.integration.app1.pages.BeanEditorBeanEditContext\n"
    },
    "jtopen": {
        "large": "method com.ibm.as400.access.FTPThread::readObject(java.io.ObjectInputStream):void need move com.ibm.as400.access.FTP\nmethod com.ibm.as400.vaccess.SQLMetaDataTableModel::readObject(java.io.ObjectInputStream):void need move com.ibm.as400.vaccess.SQLMetaDataTablePane\nmethod com.ibm.as400.data.ProgramCallDocument::endInternal(int):void need move com.ibm.as400.resource.RJob\nmethod com.ibm.as400.util.html.HTMLVector::readObject(java.io.ObjectInputStream):void need move com.ibm.as400.util.html.HTMLTree\nmethod com.ibm.as400.resource.IntegerValueMap::start():void need move com.ibm.as400.access.NetServer\nmethod com.ibm.as400.vaccess.SQLResultSetTableModel::readObject(java.io.ObjectInputStream):void need move com.ibm.as400.vaccess.SQLResultSetTablePane\nmethod com.ibm.as400.access.SpooledFile::applyChanges():void need move com.ibm.as400.vaccess.OutputPropertiesPane\nmethod com.ibm.as400.access.AS400JDBCDataSource::applyChanges():boolean need move com.ibm.as400.vaccess.AS400JDBCDataSourcePane\nmethod com.ibm.as400.access.Permission::removeRow(int):void need move com.ibm.as400.vaccess.PermissionTableModelQSYS\nmethod com.ibm.as400.access.AS400ZonedDecimal::addToHashtable(PcmlDocNode):void need move com.ibm.as400.data.PcmlDocument\n",
        "small": "method com.ibm.as400.access.NPCPAttributeIDList::readObject(java.io.ObjectInputStream):void need move com.ibm.as400.access.PrintObjectList\nmethod com.ibm.as400.access.SystemValueList::removeWorkingListener(WorkingListener):void need move com.ibm.as400.vaccess.VSystemValueList\nmethod com.ibm.as400.access.FileEvent::fileOpened(FileEvent):void need move com.ibm.as400.vaccess.FileEventSupport\nmethod com.ibm.as400.access.RecordFormat::setColumnLabel(int, String):void need move com.ibm.as400.util.servlet.RecordFormatMetaData\nmethod com.ibm.as400.vaccess.SQLMetaDataTablePane::readObject(java.io.ObjectInputStream):void need move com.ibm.as400.vaccess.SQLQueryFieldsPane\nmethod com.ibm.as400.access.SystemPool::removeErrorListener(ErrorListener):void need move com.ibm.as400.vaccess.VSystemPool\nmethod com.ibm.as400.resource.ProgramMap::end():void need move com.ibm.as400.access.NetServerSession\nmethod com.ibm.as400.access.ActionCompletedEvent::actionCompleted(ActionCompletedEvent):void need move com.ibm.as400.vaccess.ActionCompletedEventSupport\nmethod com.ibm.as400.access.SequentialFile::getFileName():String need move com.ibm.as400.vaccess.RecordListData\nmethod com.ibm.as400.access.DataQueueEvent::cleared(DataQueueEvent):void need move com.ibm.as400.vaccess.DataQueueEventSupport\n"
    }
}