[
  {
    "source_class": "org.elasticsearch.action.DocWriteResponse.Result",
    "source_method": "readFrom",
    "target_class": "org.elasticsearch.common.io.stream.StreamInput"
  },
  {
    "source_class": "org.elasticsearch.action.DocWriteResponse",
    "source_method": "getIndex",
    "target_class": "org.elasticsearch.index.shard.ShardId"
  },
  {
    "source_class": "org.elasticsearch.action.admin.cluster.snapshots.get.TransportGetSnapshotsAction.GetSnapshotsOperation",
    "source_method": "assertSatisfiesAllPredicates",
    "target_class": "org.elasticsearch.snapshots.SnapshotInfo"
  },
  {
    "source_class": "org.elasticsearch.action.admin.cluster.snapshots.get.TransportGetSnapshotsAction.GetSnapshotsOperation",
    "source_method": "assertSatisfiesAllPredicates",
    "target_class": "org.elasticsearch.snapshots.SnapshotInfo"
  },
  {
    "source_class": "org.elasticsearch.action.update.UpdateResponse",
    "source_method": "writeGetResult",
    "target_class": "org.elasticsearch.index.get.GetResult"
  },
  {
    "source_class": "org.elasticsearch.cluster.metadata.MetadataCreateDataStreamService",
    "source_method": "submitUnbatchedTask",
    "target_class": "org.elasticsearch.cluster.ClusterStateUpdateTask):void \t org.elasticsearch.cluster.service.ClusterService"
  },
  {
    "source_class": "org.elasticsearch.cluster.metadata.MetadataCreateDataStreamService",
    "source_method": "createDataStream",
    "target_class": "org.elasticsearch.cluster.ClusterState, org.elasticsearch.action.ActionListener<java.lang.Void>, boolean):org.elasticsearch.cluster.ClusterState \t org.elasticsearch.cluster.service.ClusterService"
  },
  {
    "source_class": "org.elasticsearch.cluster.metadata.MetadataCreateDataStreamService",
    "source_method": "createDataStream",
    "target_class": "org.elasticsearch.common.settings.Settings, org.elasticsearch.cluster.ClusterState, boolean, org.elasticsearch.cluster.metadata.MetadataCreateDataStreamService.CreateDataStreamClusterStateUpdateRequest, java.util.List<org.elasticsearch.cluster.metadata.IndexMetadata>, org.elasticsearch.cluster.metadata.IndexMetadata, org.elasticsearch.action.ActionListener<java.lang.Void>, boolean):org.elasticsearch.cluster.ClusterState \t org.elasticsearch.cluster.metadata.ComposableIndexTemplate.DataStreamTemplate"
  },
  {
    "source_class": "org.elasticsearch.cluster.metadata.MetadataCreateDataStreamService",
    "source_method": "createBackingIndex",
    "target_class": "org.elasticsearch.cluster.ClusterState, org.elasticsearch.cluster.metadata.MetadataCreateDataStreamService.CreateDataStreamClusterStateUpdateRequest, org.elasticsearch.action.ActionListener<java.lang.Void>, java.lang.String, org.elasticsearch.indices.SystemDataStreamDescriptor, boolean, org.elasticsearch.cluster.metadata.ComposableIndexTemplate, java.lang.String):org.elasticsearch.cluster.ClusterState \t org.elasticsearch.cluster.metadata.MetadataCreateIndexService"
  },
  {
    "source_class": "org.elasticsearch.cluster.metadata.MetadataCreateDataStreamService",
    "source_method": "createFailureStoreIndex",
    "target_class": "java.lang.String, org.elasticsearch.common.settings.Settings, org.elasticsearch.cluster.ClusterState, long, java.lang.String, org.elasticsearch.cluster.metadata.ComposableIndexTemplate, java.lang.String, java.util.function.BiConsumer<org.elasticsearch.cluster.metadata.Metadata.Builder,org.elasticsearch.cluster.metadata.IndexMetadata>):org.elasticsearch.cluster.ClusterState \t org.elasticsearch.cluster.metadata.MetadataCreateIndexService"
  },
  {
    "source_class": "org.elasticsearch.cluster.metadata.MetadataCreateDataStreamService",
    "source_method": "lookupTemplateForDataStream",
    "target_class": "org.elasticsearch.cluster.metadata.Metadata):org.elasticsearch.cluster.metadata.ComposableIndexTemplate \t org.elasticsearch.cluster.metadata.ComposableIndexTemplate"
  },
  {
    "source_class": "org.elasticsearch.cluster.metadata.MetadataCreateDataStreamService",
    "source_method": "validateTimestampFieldMapping",
    "target_class": "org.elasticsearch.index.mapper.MappingLookup"
  },
  {
    "source_class": "org.elasticsearch.plugins.PluginsService",
    "source_method": "checkMandatoryPlugins",
    "target_class": "java.util.Set<java.lang.String>):void \t org.elasticsearch.common.util.set.Sets"
  },
  {
    "source_class": "org.elasticsearch.plugins.PluginsService",
    "source_method": "getRuntimeInfos",
    "target_class": "java.util.List<org.elasticsearch.plugins.PluginDescriptor>, java.util.Map<java.lang.String,org.elasticsearch.plugins.LoadedPlugin>):java.util.List<org.elasticsearch.plugins.PluginRuntimeInfo> \t org.elasticsearch.plugins.PluginIntrospector"
  },
  {
    "source_class": "org.elasticsearch.plugins.PluginsService",
    "source_method": "createExtensions",
    "target_class": "org.elasticsearch.plugins.Plugin):java.util.List<? extends T> \t org.elasticsearch.plugins.spi.SPIClassIterator"
  },
  {
    "source_class": "org.elasticsearch.plugins.PluginsService",
    "source_method": "createSPI",
    "target_class": "java.lang.ClassLoader, java.util.List<org.elasticsearch.plugins.LoadedPlugin>, java.util.Map<java.lang.String,java.util.List<org.elasticsearch.plugins.ModuleQualifiedExportsService>>):org.elasticsearch.plugins.LayerAndLoader \t org.elasticsearch.plugins.PluginBundle"
  },
  {
    "source_class": "org.elasticsearch.plugins.PluginsService",
    "source_method": "createPlugin",
    "target_class": "java.lang.ClassLoader, java.util.List<org.elasticsearch.plugins.LoadedPlugin>, org.elasticsearch.plugins.LayerAndLoader, java.util.Map<java.lang.String,java.util.List<org.elasticsearch.plugins.ModuleQualifiedExportsService>>):org.elasticsearch.plugins.LayerAndLoader \t org.elasticsearch.plugins.PluginDescriptor"
  },
  {
    "source_class": "org.elasticsearch.plugins.PluginsService",
    "source_method": "toModuleName",
    "target_class": "org.elasticsearch.plugins.ModuleSupport"
  },
  {
    "source_class": "org.elasticsearch.plugins.PluginsService",
    "source_method": "checkDeprecations",
    "target_class": "java.util.List<org.elasticsearch.plugins.PluginDescriptor>, java.util.Map<java.lang.String,org.elasticsearch.plugins.LoadedPlugin>):void \t org.elasticsearch.plugins.PluginIntrospector"
  },
  {
    "source_class": "org.elasticsearch.plugins.PluginsService",
    "source_method": "createPluginModuleLayer",
    "target_class": "java.lang.ClassLoader, java.util.List<java.lang.ModuleLayer>, java.util.Map<java.lang.String,java.util.List<org.elasticsearch.plugins.ModuleQualifiedExportsService>>):org.elasticsearch.plugins.LayerAndLoader \t org.elasticsearch.plugins.PluginBundle"
  },
  {
    "source_class": "org.elasticsearch.rest.RestResponse",
    "source_method": "chunked",
    "target_class": "org.elasticsearch.rest.ChunkedRestResponseBodyPart, org.elasticsearch.rest.Releasable):org.elasticsearch.rest.RestResponse \t org.elasticsearch.rest.ChunkedRestResponseBodyPart"
  },
  {
    "source_class": "org.elasticsearch.rest.RestResponse",
    "source_method": "build",
    "target_class": "ToXContent.Params, org.elasticsearch.rest.RestStatus, boolean, java.lang.Exception):void \t org.elasticsearch.ElasticsearchException"
  },
  {
    "source_class": "org.elasticsearch.rest.RestResponse",
    "source_method": "createSimpleErrorResponse",
    "target_class": "org.elasticsearch.rest.RestStatus, java.lang.String):org.elasticsearch.rest.RestResponse \t org.elasticsearch.rest.RestStatus"
  },
  {
    "source_class": "org.elasticsearch.rest.RestResponse",
    "source_method": "copyHeaders",
    "target_class": "org.elasticsearch.ElasticsearchException"
  },
  {
    "source_class": "org.elasticsearch.xpack.esql.io.stream.PlanNamedTypes",
    "source_method": "readAggregateExec",
    "target_class": "org.elasticsearch.common.io.stream.StreamInput"
  },
  {
    "source_class": "org.elasticsearch.xpack.esql.io.stream.PlanNamedTypes",
    "source_method": "writeAggregateExec",
    "target_class": "org.elasticsearch.xpack.esql.plan.physical.AggregateExec):void \t org.elasticsearch.xpack.esql.plan.physical.UnaryExec"
  },
  {
    "source_class": "org.elasticsearch.xpack.esql.io.stream.PlanNamedTypes",
    "source_method": "readDissectExec",
    "target_class": "org.elasticsearch.xpack.esql.io.stream.PlanStreamInput"
  },
  {
    "source_class": "org.elasticsearch.xpack.esql.io.stream.PlanNamedTypes",
    "source_method": "writeDissectExec",
    "target_class": "org.elasticsearch.xpack.esql.plan.physical.DissectExec):void \t org.elasticsearch.common.io.stream.StreamOutput"
  },
  {
    "source_class": "org.elasticsearch.xpack.esql.io.stream.PlanNamedTypes",
    "source_method": "readEsQueryExec",
    "target_class": "org.elasticsearch.common.io.stream.StreamInput"
  },
  {
    "source_class": "org.elasticsearch.xpack.esql.io.stream.PlanNamedTypes",
    "source_method": "writeEsQueryExec",
    "target_class": "org.elasticsearch.xpack.esql.plan.physical.EsQueryExec):void \t org.elasticsearch.common.io.stream.StreamOutput"
  },
  {
    "source_class": "org.elasticsearch.xpack.esql.io.stream.PlanNamedTypes",
    "source_method": "readEsSourceExec",
    "target_class": "org.elasticsearch.common.io.stream.NamedWriteableAwareStreamInput"
  },
  {
    "source_class": "org.elasticsearch.xpack.esql.io.stream.PlanNamedTypes",
    "source_method": "writeEsSourceExec",
    "target_class": "org.elasticsearch.xpack.esql.plan.physical.EsSourceExec):void \t org.elasticsearch.common.io.stream.StreamOutput"
  },
  {
    "source_class": "org.elasticsearch.xpack.esql.io.stream.PlanNamedTypes",
    "source_method": "readIndexMode",
    "target_class": "org.elasticsearch.index.IndexMode"
  },
  {
    "source_class": "org.elasticsearch.xpack.esql.io.stream.PlanNamedTypes",
    "source_method": "writeIndexMode",
    "target_class": "org.elasticsearch.index.IndexMode):void \t org.elasticsearch.index.IndexMode"
  },
  {
    "source_class": "org.elasticsearch.xpack.esql.io.stream.PlanNamedTypes",
    "source_method": "readEvalExec",
    "target_class": "org.elasticsearch.xpack.esql.io.stream.PlanStreamInput"
  },
  {
    "source_class": "org.elasticsearch.xpack.esql.io.stream.PlanNamedTypes",
    "source_method": "writeEvalExec",
    "target_class": "org.elasticsearch.xpack.esql.plan.physical.EvalExec):void \t org.elasticsearch.xpack.esql.plan.physical.UnaryExec"
  },
  {
    "source_class": "org.elasticsearch.xpack.esql.io.stream.PlanNamedTypes",
    "source_method": "readEnrichExec",
    "target_class": "org.elasticsearch.common.io.stream.StreamInput"
  },
  {
    "source_class": "org.elasticsearch.xpack.esql.io.stream.PlanNamedTypes",
    "source_method": "writeEnrichExec",
    "target_class": "org.elasticsearch.xpack.esql.plan.physical.EnrichExec):void \t org.elasticsearch.common.io.stream.StreamOutput"
  },
  {
    "source_class": "org.elasticsearch.xpack.esql.io.stream.PlanNamedTypes",
    "source_method": "readExchangeExec",
    "target_class": "org.elasticsearch.common.io.stream.StreamInput"
  },
  {
    "source_class": "org.elasticsearch.xpack.esql.io.stream.PlanNamedTypes",
    "source_method": "writeExchangeExec",
    "target_class": "org.elasticsearch.xpack.esql.plan.physical.ExchangeExec):void \t org.elasticsearch.common.io.stream.StreamOutput"
  },
  {
    "source_class": "org.elasticsearch.xpack.esql.io.stream.PlanNamedTypes",
    "source_method": "readExchangeSinkExec",
    "target_class": "org.elasticsearch.xpack.esql.io.stream.PlanStreamInput"
  },
  {
    "source_class": "org.elasticsearch.xpack.esql.io.stream.PlanNamedTypes",
    "source_method": "writeExchangeSinkExec",
    "target_class": "org.elasticsearch.xpack.esql.plan.physical.ExchangeSinkExec):void \t org.elasticsearch.common.io.stream.StreamOutput"
  },
  {
    "source_class": "org.elasticsearch.xpack.esql.io.stream.PlanNamedTypes",
    "source_method": "readExchangeSourceExec",
    "target_class": "org.elasticsearch.common.io.stream.NamedWriteableAwareStreamInput"
  },
  {
    "source_class": "org.elasticsearch.xpack.esql.io.stream.PlanNamedTypes",
    "source_method": "writeExchangeSourceExec",
    "target_class": "org.elasticsearch.xpack.esql.plan.physical.ExchangeSourceExec):void \t org.elasticsearch.common.io.stream.StreamOutput"
  },
  {
    "source_class": "org.elasticsearch.xpack.esql.io.stream.PlanNamedTypes",
    "source_method": "readFieldExtractExec",
    "target_class": "org.elasticsearch.common.io.stream.NamedWriteableAwareStreamInput"
  },
  {
    "source_class": "org.elasticsearch.xpack.esql.io.stream.PlanNamedTypes",
    "source_method": "writeFieldExtractExec",
    "target_class": "org.elasticsearch.xpack.esql.plan.physical.FieldExtractExec):void \t org.elasticsearch.xpack.esql.io.stream.PlanStreamOutput"
  },
  {
    "source_class": "org.elasticsearch.xpack.esql.io.stream.PlanNamedTypes",
    "source_method": "readFilterExec",
    "target_class": "org.elasticsearch.common.io.stream.NamedWriteableAwareStreamInput"
  },
  {
    "source_class": "org.elasticsearch.xpack.esql.io.stream.PlanNamedTypes",
    "source_method": "writeFilterExec",
    "target_class": "org.elasticsearch.xpack.esql.plan.physical.FilterExec):void \t org.elasticsearch.xpack.esql.plan.physical.UnaryExec"
  },
  {
    "source_class": "org.elasticsearch.xpack.esql.io.stream.PlanNamedTypes",
    "source_method": "readFragmentExec",
    "target_class": "org.elasticsearch.common.io.stream.StreamInput"
  },
  {
    "source_class": "org.elasticsearch.xpack.esql.io.stream.PlanNamedTypes",
    "source_method": "writeFragmentExec",
    "target_class": "org.elasticsearch.xpack.esql.plan.physical.FragmentExec):void \t org.elasticsearch.xpack.esql.plan.physical.FragmentExec"
  },
  {
    "source_class": "org.elasticsearch.xpack.esql.io.stream.PlanNamedTypes",
    "source_method": "readGrokExec",
    "target_class": "org.elasticsearch.xpack.esql.plan.logical.Grok"
  },
  {
    "source_class": "org.elasticsearch.xpack.esql.io.stream.PlanNamedTypes",
    "source_method": "writeGrokExec",
    "target_class": "org.elasticsearch.xpack.esql.plan.physical.GrokExec):void \t org.elasticsearch.xpack.esql.io.stream.PlanStreamOutput"
  },
  {
    "source_class": "org.elasticsearch.xpack.esql.io.stream.PlanNamedTypes",
    "source_method": "readLimitExec",
    "target_class": "org.elasticsearch.common.io.stream.NamedWriteableAwareStreamInput"
  },
  {
    "source_class": "org.elasticsearch.xpack.esql.io.stream.PlanNamedTypes",
    "source_method": "writeLimitExec",
    "target_class": "org.elasticsearch.xpack.esql.plan.physical.LimitExec):void \t org.elasticsearch.xpack.esql.plan.physical.UnaryExec"
  },
  {
    "source_class": "org.elasticsearch.xpack.esql.io.stream.PlanNamedTypes",
    "source_method": "readMvExpandExec",
    "target_class": "org.elasticsearch.common.io.stream.NamedWriteableAwareStreamInput"
  },
  {
    "source_class": "org.elasticsearch.xpack.esql.io.stream.PlanNamedTypes",
    "source_method": "writeMvExpandExec",
    "target_class": "org.elasticsearch.xpack.esql.plan.physical.MvExpandExec):void \t org.elasticsearch.xpack.esql.io.stream.PlanStreamOutput"
  },
  {
    "source_class": "org.elasticsearch.xpack.esql.io.stream.PlanNamedTypes",
    "source_method": "readOrderExec",
    "target_class": "org.elasticsearch.xpack.esql.io.stream.PlanStreamInput"
  },
  {
    "source_class": "org.elasticsearch.xpack.esql.io.stream.PlanNamedTypes",
    "source_method": "writeOrderExec",
    "target_class": "org.elasticsearch.xpack.esql.plan.physical.OrderExec):void \t org.elasticsearch.xpack.esql.io.stream.PlanStreamOutput"
  },
  {
    "source_class": "org.elasticsearch.xpack.esql.io.stream.PlanNamedTypes",
    "source_method": "readProjectExec",
    "target_class": "org.elasticsearch.common.io.stream.NamedWriteableAwareStreamInput"
  },
  {
    "source_class": "org.elasticsearch.xpack.esql.io.stream.PlanNamedTypes",
    "source_method": "writeProjectExec",
    "target_class": "org.elasticsearch.xpack.esql.plan.physical.ProjectExec):void \t org.elasticsearch.xpack.esql.plan.physical.UnaryExec"
  },
  {
    "source_class": "org.elasticsearch.xpack.esql.io.stream.PlanNamedTypes",
    "source_method": "readRowExec",
    "target_class": "org.elasticsearch.common.io.stream.StreamInput"
  },
  {
    "source_class": "org.elasticsearch.xpack.esql.io.stream.PlanNamedTypes",
    "source_method": "writeRowExec",
    "target_class": "org.elasticsearch.xpack.esql.plan.physical.RowExec):void \t org.elasticsearch.common.io.stream.StreamOutput"
  },
  {
    "source_class": "org.elasticsearch.xpack.esql.io.stream.PlanNamedTypes",
    "source_method": "readShowExec",
    "target_class": "org.elasticsearch.common.io.stream.NamedWriteableAwareStreamInput"
  },
  {
    "source_class": "org.elasticsearch.xpack.esql.io.stream.PlanNamedTypes",
    "source_method": "writeShowExec",
    "target_class": "org.elasticsearch.xpack.esql.plan.physical.ShowExec):void \t org.elasticsearch.common.io.stream.StreamOutput"
  },
  {
    "source_class": "org.elasticsearch.xpack.esql.io.stream.PlanNamedTypes",
    "source_method": "readTopNExec",
    "target_class": "org.elasticsearch.common.io.stream.StreamInput"
  },
  {
    "source_class": "org.elasticsearch.xpack.esql.io.stream.PlanNamedTypes",
    "source_method": "writeTopNExec",
    "target_class": "org.elasticsearch.xpack.esql.plan.physical.TopNExec):void \t org.elasticsearch.xpack.esql.plan.physical.UnaryExec"
  },
  {
    "source_class": "org.elasticsearch.xpack.esql.io.stream.PlanNamedTypes",
    "source_method": "readDissect",
    "target_class": "org.elasticsearch.xpack.esql.io.stream.PlanStreamInput"
  },
  {
    "source_class": "org.elasticsearch.xpack.esql.io.stream.PlanNamedTypes",
    "source_method": "writeDissect",
    "target_class": "org.elasticsearch.xpack.esql.plan.logical.Dissect):void \t org.elasticsearch.xpack.esql.plan.logical.Dissect"
  },
  {
    "source_class": "org.elasticsearch.xpack.esql.io.stream.PlanNamedTypes",
    "source_method": "readEsRelation",
    "target_class": "org.elasticsearch.common.io.stream.NamedWriteableAwareStreamInput"
  },
  {
    "source_class": "org.elasticsearch.xpack.esql.io.stream.PlanNamedTypes",
    "source_method": "writeEsRelation",
    "target_class": "org.elasticsearch.xpack.esql.plan.logical.EsRelation):void \t org.elasticsearch.xpack.esql.plan.logical.EsRelation"
  },
  {
    "source_class": "org.elasticsearch.xpack.esql.io.stream.PlanNamedTypes",
    "source_method": "readEsSourceOptions",
    "target_class": "org.elasticsearch.common.io.stream.StreamInput"
  },
  {
    "source_class": "org.elasticsearch.xpack.esql.io.stream.PlanNamedTypes",
    "source_method": "writeEsSourceOptions",
    "target_class": "org.elasticsearch.common.io.stream.StreamOutput"
  },
  {
    "source_class": "org.elasticsearch.xpack.esql.io.stream.PlanNamedTypes",
    "source_method": "readEval",
    "target_class": "org.elasticsearch.xpack.esql.io.stream.PlanStreamInput"
  },
  {
    "source_class": "org.elasticsearch.xpack.esql.io.stream.PlanNamedTypes",
    "source_method": "writeEval",
    "target_class": "org.elasticsearch.xpack.esql.plan.logical.Eval):void \t org.elasticsearch.xpack.esql.io.stream.PlanStreamOutput"
  },
  {
    "source_class": "org.elasticsearch.xpack.esql.io.stream.PlanNamedTypes",
    "source_method": "readEnrich",
    "target_class": "org.elasticsearch.common.io.stream.FilterStreamInput"
  },
  {
    "source_class": "org.elasticsearch.xpack.esql.io.stream.PlanNamedTypes",
    "source_method": "writeEnrich",
    "target_class": "org.elasticsearch.xpack.esql.plan.logical.Enrich):void \t org.elasticsearch.common.io.stream.StreamOutput"
  },
  {
    "source_class": "org.elasticsearch.xpack.esql.io.stream.PlanNamedTypes",
    "source_method": "readEsqlProject",
    "target_class": "org.elasticsearch.xpack.esql.io.stream.PlanStreamInput"
  },
  {
    "source_class": "org.elasticsearch.xpack.esql.io.stream.PlanNamedTypes",
    "source_method": "writeEsqlProject",
    "target_class": "org.elasticsearch.xpack.esql.plan.logical.local.EsqlProject):void \t org.elasticsearch.xpack.esql.io.stream.PlanStreamOutput"
  },
  {
    "source_class": "org.elasticsearch.xpack.esql.io.stream.PlanNamedTypes",
    "source_method": "readFilter",
    "target_class": "org.elasticsearch.common.io.stream.NamedWriteableAwareStreamInput"
  },
  {
    "source_class": "org.elasticsearch.xpack.esql.io.stream.PlanNamedTypes",
    "source_method": "writeFilter",
    "target_class": "org.elasticsearch.xpack.esql.plan.logical.Filter):void \t org.elasticsearch.xpack.esql.plan.logical.UnaryPlan"
  },
  {
    "source_class": "org.elasticsearch.xpack.esql.io.stream.PlanNamedTypes",
    "source_method": "readGrok",
    "target_class": "org.elasticsearch.xpack.esql.io.stream.PlanStreamInput"
  },
  {
    "source_class": "org.elasticsearch.xpack.esql.io.stream.PlanNamedTypes",
    "source_method": "writeGrok",
    "target_class": "org.elasticsearch.xpack.esql.plan.logical.Grok):void \t org.elasticsearch.xpack.esql.io.stream.PlanStreamOutput"
  },
  {
    "source_class": "org.elasticsearch.xpack.esql.io.stream.PlanNamedTypes",
    "source_method": "readLimit",
    "target_class": "org.elasticsearch.common.io.stream.NamedWriteableAwareStreamInput"
  },
  {
    "source_class": "org.elasticsearch.xpack.esql.io.stream.PlanNamedTypes",
    "source_method": "writeLimit",
    "target_class": "org.elasticsearch.xpack.esql.plan.logical.Limit):void \t org.elasticsearch.xpack.esql.plan.logical.Limit"
  },
  {
    "source_class": "org.elasticsearch.xpack.esql.io.stream.PlanNamedTypes",
    "source_method": "readMvExpand",
    "target_class": "org.elasticsearch.common.io.stream.NamedWriteableAwareStreamInput"
  },
  {
    "source_class": "org.elasticsearch.xpack.esql.io.stream.PlanNamedTypes",
    "source_method": "writeMvExpand",
    "target_class": "org.elasticsearch.xpack.esql.plan.logical.MvExpand):void \t org.elasticsearch.xpack.esql.io.stream.PlanStreamOutput"
  },
  {
    "source_class": "org.elasticsearch.xpack.esql.io.stream.PlanNamedTypes",
    "source_method": "readOrderBy",
    "target_class": "org.elasticsearch.xpack.esql.io.stream.PlanStreamInput"
  },
  {
    "source_class": "org.elasticsearch.xpack.esql.io.stream.PlanNamedTypes",
    "source_method": "writeOrderBy",
    "target_class": "org.elasticsearch.xpack.esql.plan.logical.OrderBy):void \t org.elasticsearch.xpack.esql.plan.logical.UnaryPlan"
  },
  {
    "source_class": "org.elasticsearch.xpack.esql.io.stream.PlanNamedTypes",
    "source_method": "readProject",
    "target_class": "org.elasticsearch.xpack.esql.io.stream.PlanStreamInput"
  },
  {
    "source_class": "org.elasticsearch.xpack.esql.io.stream.PlanNamedTypes",
    "source_method": "writeProject",
    "target_class": "org.elasticsearch.xpack.esql.plan.logical.Project):void \t org.elasticsearch.xpack.esql.io.stream.PlanStreamOutput"
  },
  {
    "source_class": "org.elasticsearch.xpack.esql.io.stream.PlanNamedTypes",
    "source_method": "readTopN",
    "target_class": "org.elasticsearch.xpack.esql.io.stream.PlanStreamInput"
  },
  {
    "source_class": "org.elasticsearch.xpack.esql.io.stream.PlanNamedTypes",
    "source_method": "writeTopN",
    "target_class": "org.elasticsearch.xpack.esql.plan.logical.TopN):void \t org.elasticsearch.xpack.esql.io.stream.PlanStreamOutput"
  },
  {
    "source_class": "org.elasticsearch.xpack.esql.io.stream.PlanNamedTypes",
    "source_method": "readEsIndex",
    "target_class": "org.elasticsearch.common.io.stream.FilterStreamInput"
  },
  {
    "source_class": "org.elasticsearch.xpack.esql.io.stream.PlanNamedTypes",
    "source_method": "writeEsIndex",
    "target_class": "org.elasticsearch.xpack.esql.io.stream.EsIndex):void \t org.elasticsearch.common.io.stream.StreamOutput"
  },
  {
    "source_class": "org.elasticsearch.xpack.esql.io.stream.PlanNamedTypes",
    "source_method": "readDissectParser",
    "target_class": "org.elasticsearch.common.io.stream.FilterStreamInput"
  },
  {
    "source_class": "org.elasticsearch.xpack.esql.io.stream.PlanNamedTypes",
    "source_method": "writeDissectParser",
    "target_class": "org.elasticsearch.xpack.esql.io.stream.Parser):void \t org.elasticsearch.common.io.stream.StreamOutput"
  },
  {
    "source_class": "org.elasticsearch.xpack.esql.optimizer.LogicalPlanOptimizer",
    "source_method": "skipPlan",
    "target_class": "org.elasticsearch.xpack.esql.plan.logical.UnaryPlan"
  },
  {
    "source_class": "org.elasticsearch.xpack.esql.optimizer.LogicalPlanOptimizer",
    "source_method": "skipPlan",
    "target_class": "org.elasticsearch.xpack.esql.plan.logical.local.LocalSupplier):org.elasticsearch.xpack.esql.plan.logical.LogicalPlan \t org.elasticsearch.xpack.esql.plan.logical.UnaryPlan"
  },
  {
    "source_class": "org.elasticsearch.xpack.esql.optimizer.LogicalPlanOptimizer",
    "source_method": "pushGeneratingPlanPastProjectAndOrderBy",
    "target_class": "java.util.List<org.elasticsearch.xpack.esql.optimizer.Attribute>):org.elasticsearch.xpack.esql.plan.logical.LogicalPlan \t org.elasticsearch.xpack.esql.plan.logical.UnaryPlan"
  },
  {
    "source_class": "org.elasticsearch.xpack.esql.optimizer.LogicalPlanOptimizer",
    "source_method": "pushDownPastProject",
    "target_class": "org.elasticsearch.xpack.esql.plan.logical.Project"
  }
]