[
  {
    "source_class": "org.elasticsearch.action.DocWriteResponse.Result",
    "source_method": "readFrom",
    "target_class": "org.elasticsearch.common.io.stream.StreamInput"
  },
  {
    "source_class": "org.elasticsearch.action.DocWriteResponse",
    "source_method": "getIndex",
    "target_class": "org.elasticsearch.index.shard.ShardId"
  },
  {
    "source_class": "org.elasticsearch.action.admin.cluster.snapshots.get.TransportGetSnapshotsAction.GetSnapshotsOperation",
    "source_method": "assertSatisfiesAllPredicates",
    "target_class": "org.elasticsearch.snapshots.SnapshotInfo"
  },
  {
    "source_class": "org.elasticsearch.action.admin.cluster.snapshots.get.TransportGetSnapshotsAction.GetSnapshotsOperation",
    "source_method": "assertSatisfiesAllPredicates",
    "target_class": "org.elasticsearch.snapshots.SnapshotInfo"
  },
  {
    "source_class": "org.elasticsearch.action.update.UpdateResponse",
    "source_method": "writeGetResult",
    "target_class": "org.elasticsearch.index.get.GetResult"
  },
  {
    "source_class": "org.elasticsearch.cluster.metadata.MetadataCreateDataStreamService",
    "source_method": "submitUnbatchedTask",
    "target_class": "org.elasticsearch.cluster.ClusterStateUpdateTask):void \t org.elasticsearch.cluster.service.ClusterService"
  },
  {
    "source_class": "org.elasticsearch.cluster.metadata.MetadataCreateDataStreamService",
    "source_method": "createDataStream",
    "target_class": "org.elasticsearch.cluster.ClusterState, org.elasticsearch.action.ActionListener<java.lang.Void>):org.elasticsearch.cluster.ClusterState \t org.elasticsearch.cluster.service.ClusterService"
  },
  {
    "source_class": "org.elasticsearch.cluster.metadata.MetadataCreateDataStreamService",
    "source_method": "createDataStream",
    "target_class": "org.elasticsearch.common.settings.Settings, org.elasticsearch.cluster.ClusterState, boolean, org.elasticsearch.cluster.metadata.MetadataCreateDataStreamService.CreateDataStreamClusterStateUpdateRequest, java.util.List<org.elasticsearch.cluster.metadata.IndexMetadata>, org.elasticsearch.cluster.metadata.IndexMetadata, org.elasticsearch.action.ActionListener<java.lang.Void>):org.elasticsearch.cluster.ClusterState \t org.elasticsearch.cluster.metadata.ComposableIndexTemplate.DataStreamTemplate"
  },
  {
    "source_class": "org.elasticsearch.cluster.metadata.MetadataCreateDataStreamService",
    "source_method": "createBackingIndex",
    "target_class": "org.elasticsearch.cluster.ClusterState, org.elasticsearch.cluster.metadata.MetadataCreateDataStreamService.CreateDataStreamClusterStateUpdateRequest, org.elasticsearch.action.ActionListener<java.lang.Void>, java.lang.String, org.elasticsearch.indices.SystemDataStreamDescriptor, boolean, org.elasticsearch.cluster.metadata.ComposableIndexTemplate, java.lang.String):org.elasticsearch.cluster.ClusterState \t org.elasticsearch.cluster.metadata.MetadataCreateIndexService"
  },
  {
    "source_class": "org.elasticsearch.cluster.metadata.MetadataCreateDataStreamService",
    "source_method": "createFailureStoreIndex",
    "target_class": "java.lang.String, org.elasticsearch.common.settings.Settings, org.elasticsearch.cluster.ClusterState, long, java.lang.String, org.elasticsearch.cluster.metadata.ComposableIndexTemplate, java.lang.String, java.util.function.BiConsumer<org.elasticsearch.cluster.metadata.Metadata.Builder,org.elasticsearch.cluster.metadata.IndexMetadata>):org.elasticsearch.cluster.ClusterState \t org.elasticsearch.cluster.metadata.MetadataCreateIndexService"
  },
  {
    "source_class": "org.elasticsearch.cluster.metadata.MetadataCreateDataStreamService",
    "source_method": "lookupTemplateForDataStream",
    "target_class": "org.elasticsearch.cluster.metadata.Metadata):org.elasticsearch.cluster.metadata.ComposableIndexTemplate \t org.elasticsearch.cluster.metadata.ComposableIndexTemplate"
  },
  {
    "source_class": "org.elasticsearch.cluster.metadata.MetadataCreateDataStreamService",
    "source_method": "validateTimestampFieldMapping",
    "target_class": "org.elasticsearch.index.mapper.MappingLookup"
  },
  {
    "source_class": "org.elasticsearch.plugins.PluginsService",
    "source_method": "checkMandatoryPlugins",
    "target_class": "java.util.Set<java.lang.String>):void \t org.elasticsearch.common.util.set.Sets"
  },
  {
    "source_class": "org.elasticsearch.plugins.PluginsService",
    "source_method": "getRuntimeInfos",
    "target_class": "java.util.List<org.elasticsearch.plugins.PluginDescriptor>, java.util.Map<java.lang.String,org.elasticsearch.plugins.LoadedPlugin>):java.util.List<org.elasticsearch.plugins.PluginRuntimeInfo> \t org.elasticsearch.plugins.PluginIntrospector"
  },
  {
    "source_class": "org.elasticsearch.plugins.PluginsService",
    "source_method": "createExtensions",
    "target_class": "org.elasticsearch.plugins.Plugin):java.util.List<? extends T> \t org.elasticsearch.plugins.spi.SPIClassIterator"
  },
  {
    "source_class": "org.elasticsearch.plugins.PluginsService",
    "source_method": "createSPI",
    "target_class": "java.lang.ClassLoader, java.util.List<org.elasticsearch.plugins.LoadedPlugin>, java.util.Map<java.lang.String,java.util.List<org.elasticsearch.plugins.ModuleQualifiedExportsService>>):org.elasticsearch.plugins.LayerAndLoader \t org.elasticsearch.plugins.PluginBundle"
  },
  {
    "source_class": "org.elasticsearch.plugins.PluginsService",
    "source_method": "createPlugin",
    "target_class": "java.lang.ClassLoader, java.util.List<org.elasticsearch.plugins.LoadedPlugin>, org.elasticsearch.plugins.LayerAndLoader, java.util.Map<java.lang.String,java.util.List<org.elasticsearch.plugins.ModuleQualifiedExportsService>>):org.elasticsearch.plugins.LayerAndLoader \t org.elasticsearch.plugins.PluginDescriptor"
  },
  {
    "source_class": "org.elasticsearch.plugins.PluginsService",
    "source_method": "toModuleName",
    "target_class": "org.elasticsearch.plugins.ModuleSupport"
  },
  {
    "source_class": "org.elasticsearch.plugins.PluginsService",
    "source_method": "checkDeprecations",
    "target_class": "java.util.List<org.elasticsearch.plugins.PluginDescriptor>, java.util.Map<java.lang.String,org.elasticsearch.plugins.LoadedPlugin>):void \t org.elasticsearch.plugins.PluginIntrospector"
  },
  {
    "source_class": "org.elasticsearch.plugins.PluginsService",
    "source_method": "createPluginModuleLayer",
    "target_class": "java.lang.ClassLoader, java.util.List<java.lang.ModuleLayer>, java.util.Map<java.lang.String,java.util.List<org.elasticsearch.plugins.ModuleQualifiedExportsService>>):org.elasticsearch.plugins.LayerAndLoader \t org.elasticsearch.plugins.PluginBundle"
  },
  {
    "source_class": "org.elasticsearch.rest.RestResponse",
    "source_method": "chunked",
    "target_class": "org.elasticsearch.rest.ChunkedRestResponseBodyPart, org.elasticsearch.rest.Releasable):org.elasticsearch.rest.RestResponse \t org.elasticsearch.rest.ChunkedRestResponseBodyPart"
  },
  {
    "source_class": "org.elasticsearch.rest.RestResponse",
    "source_method": "build",
    "target_class": "ToXContent.Params, org.elasticsearch.rest.RestStatus, boolean, java.lang.Exception):void \t org.elasticsearch.ElasticsearchException"
  },
  {
    "source_class": "org.elasticsearch.rest.RestResponse",
    "source_method": "createSimpleErrorResponse",
    "target_class": "org.elasticsearch.rest.RestStatus, java.lang.String):org.elasticsearch.rest.RestResponse \t org.elasticsearch.rest.RestStatus"
  },
  {
    "source_class": "org.elasticsearch.rest.RestResponse",
    "source_method": "copyHeaders",
    "target_class": "org.elasticsearch.ElasticsearchException"
  },
  {
    "source_class": "org.elasticsearch.xpack.esql.io.stream.PlanNamedTypes",
    "source_method": "readAggregateExec",
    "target_class": "org.elasticsearch.common.io.stream.StreamInput"
  },
  {
    "source_class": "org.elasticsearch.xpack.esql.io.stream.PlanNamedTypes",
    "source_method": "writeAggregateExec",
    "target_class": "org.elasticsearch.xpack.esql.plan.physical.AggregateExec):void \t org.elasticsearch.xpack.esql.plan.physical.UnaryExec"
  },
  {
    "source_class": "org.elasticsearch.xpack.esql.io.stream.PlanNamedTypes",
    "source_method": "readDissectExec",
    "target_class": "org.elasticsearch.xpack.esql.io.stream.PlanStreamInput"
  },
  {
    "source_class": "org.elasticsearch.xpack.esql.io.stream.PlanNamedTypes",
    "source_method": "writeDissectExec",
    "target_class": "org.elasticsearch.xpack.esql.plan.physical.DissectExec):void \t org.elasticsearch.common.io.stream.StreamOutput"
  },
  {
    "source_class": "org.elasticsearch.xpack.esql.io.stream.PlanNamedTypes",
    "source_method": "readEsQueryExec",
    "target_class": "org.elasticsearch.common.io.stream.StreamInput"
  },
  {
    "source_class": "org.elasticsearch.xpack.esql.io.stream.PlanNamedTypes",
    "source_method": "writeEsQueryExec",
    "target_class": "org.elasticsearch.xpack.esql.plan.physical.EsQueryExec):void \t org.elasticsearch.common.io.stream.StreamOutput"
  },
  {
    "source_class": "org.elasticsearch.xpack.esql.io.stream.PlanNamedTypes",
    "source_method": "readEsSourceExec",
    "target_class": "org.elasticsearch.common.io.stream.StreamInput"
  },
  {
    "source_class": "org.elasticsearch.xpack.esql.io.stream.PlanNamedTypes",
    "source_method": "writeEsSourceExec",
    "target_class": "org.elasticsearch.xpack.esql.plan.physical.EsSourceExec):void \t org.elasticsearch.common.io.stream.StreamOutput"
  },
  {
    "source_class": "org.elasticsearch.xpack.esql.io.stream.PlanNamedTypes",
    "source_method": "readIndexMode",
    "target_class": "org.elasticsearch.index.IndexMode"
  },
  {
    "source_class": "org.elasticsearch.xpack.esql.io.stream.PlanNamedTypes",
    "source_method": "writeIndexMode",
    "target_class": "org.elasticsearch.index.IndexMode):void \t org.elasticsearch.index.IndexMode"
  },
  {
    "source_class": "org.elasticsearch.xpack.esql.io.stream.PlanNamedTypes",
    "source_method": "readEvalExec",
    "target_class": "org.elasticsearch.xpack.esql.io.stream.PlanStreamInput"
  },
  {
    "source_class": "org.elasticsearch.xpack.esql.io.stream.PlanNamedTypes",
    "source_method": "writeEvalExec",
    "target_class": "org.elasticsearch.xpack.esql.plan.physical.EvalExec):void \t org.elasticsearch.xpack.esql.plan.physical.UnaryExec"
  },
  {
    "source_class": "org.elasticsearch.xpack.esql.io.stream.PlanNamedTypes",
    "source_method": "readEnrichExec",
    "target_class": "org.elasticsearch.common.io.stream.StreamInput"
  },
  {
    "source_class": "org.elasticsearch.xpack.esql.io.stream.PlanNamedTypes",
    "source_method": "writeEnrichExec",
    "target_class": "org.elasticsearch.xpack.esql.plan.physical.EnrichExec):void \t org.elasticsearch.common.io.stream.StreamOutput"
  },
  {
    "source_class": "org.elasticsearch.xpack.esql.io.stream.PlanNamedTypes",
    "source_method": "readExchangeExec",
    "target_class": "org.elasticsearch.common.io.stream.StreamInput"
  },
  {
    "source_class": "org.elasticsearch.xpack.esql.io.stream.PlanNamedTypes",
    "source_method": "writeExchangeExec",
    "target_class": "org.elasticsearch.xpack.esql.plan.physical.ExchangeExec):void \t org.elasticsearch.common.io.stream.StreamOutput"
  },
  {
    "source_class": "org.elasticsearch.xpack.esql.io.stream.PlanNamedTypes",
    "source_method": "readExchangeSinkExec",
    "target_class": "org.elasticsearch.xpack.esql.io.stream.PlanStreamInput"
  },
  {
    "source_class": "org.elasticsearch.xpack.esql.io.stream.PlanNamedTypes",
    "source_method": "writeExchangeSinkExec",
    "target_class": "org.elasticsearch.xpack.esql.plan.physical.ExchangeSinkExec):void \t org.elasticsearch.common.io.stream.StreamOutput"
  },
  {
    "source_class": "org.elasticsearch.xpack.esql.io.stream.PlanNamedTypes",
    "source_method": "readExchangeSourceExec",
    "target_class": "org.elasticsearch.common.io.stream.NamedWriteableAwareStreamInput"
  },
  {
    "source_class": "org.elasticsearch.xpack.esql.io.stream.PlanNamedTypes",
    "source_method": "writeExchangeSourceExec",
    "target_class": "org.elasticsearch.xpack.esql.plan.physical.ExchangeSourceExec):void \t org.elasticsearch.common.io.stream.StreamOutput"
  },
  {
    "source_class": "org.elasticsearch.xpack.esql.io.stream.PlanNamedTypes",
    "source_method": "readFieldExtractExec",
    "target_class": "org.elasticsearch.common.io.stream.NamedWriteableAwareStreamInput"
  },
  {
    "source_class": "org.elasticsearch.xpack.esql.io.stream.PlanNamedTypes",
    "source_method": "writeFieldExtractExec",
    "target_class": "org.elasticsearch.xpack.esql.plan.physical.FieldExtractExec):void \t org.elasticsearch.xpack.esql.io.stream.PlanStreamOutput"
  },
  {
    "source_class": "org.elasticsearch.xpack.esql.io.stream.PlanNamedTypes",
    "source_method": "readFilterExec",
    "target_class": "org.elasticsearch.xpack.esql.io.stream.PlanStreamInput"
  },
  {
    "source_class": "org.elasticsearch.xpack.esql.io.stream.PlanNamedTypes",
    "source_method": "writeFilterExec",
    "target_class": "org.elasticsearch.xpack.esql.plan.physical.FilterExec):void \t org.elasticsearch.xpack.esql.plan.physical.UnaryExec"
  },
  {
    "source_class": "org.elasticsearch.xpack.esql.io.stream.PlanNamedTypes",
    "source_method": "readFragmentExec",
    "target_class": "org.elasticsearch.common.io.stream.StreamInput"
  },
  {
    "source_class": "org.elasticsearch.xpack.esql.io.stream.PlanNamedTypes",
    "source_method": "writeFragmentExec",
    "target_class": "org.elasticsearch.xpack.esql.plan.physical.FragmentExec):void \t org.elasticsearch.xpack.esql.plan.physical.FragmentExec"
  },
  {
    "source_class": "org.elasticsearch.xpack.esql.io.stream.PlanNamedTypes",
    "source_method": "readGrokExec",
    "target_class": "org.elasticsearch.xpack.esql.plan.logical.Grok"
  },
  {
    "source_class": "org.elasticsearch.xpack.esql.io.stream.PlanNamedTypes",
    "source_method": "writeGrokExec",
    "target_class": "org.elasticsearch.xpack.esql.plan.physical.GrokExec):void \t org.elasticsearch.xpack.esql.plan.physical.UnaryExec"
  },
  {
    "source_class": "org.elasticsearch.xpack.esql.io.stream.PlanNamedTypes",
    "source_method": "readLimitExec",
    "target_class": "org.elasticsearch.xpack.esql.io.stream.PlanStreamInput"
  },
  {
    "source_class": "org.elasticsearch.xpack.esql.io.stream.PlanNamedTypes",
    "source_method": "writeLimitExec",
    "target_class": "org.elasticsearch.xpack.esql.plan.physical.LimitExec):void \t org.elasticsearch.xpack.esql.plan.physical.UnaryExec"
  },
  {
    "source_class": "org.elasticsearch.xpack.esql.io.stream.PlanNamedTypes",
    "source_method": "readMvExpandExec",
    "target_class": "org.elasticsearch.common.io.stream.NamedWriteableAwareStreamInput"
  },
  {
    "source_class": "org.elasticsearch.xpack.esql.io.stream.PlanNamedTypes",
    "source_method": "writeMvExpandExec",
    "target_class": "org.elasticsearch.xpack.esql.plan.physical.MvExpandExec):void \t org.elasticsearch.xpack.esql.io.stream.PlanStreamOutput"
  },
  {
    "source_class": "org.elasticsearch.xpack.esql.io.stream.PlanNamedTypes",
    "source_method": "readOrderExec",
    "target_class": "org.elasticsearch.xpack.esql.io.stream.PlanStreamInput"
  },
  {
    "source_class": "org.elasticsearch.xpack.esql.io.stream.PlanNamedTypes",
    "source_method": "writeOrderExec",
    "target_class": "org.elasticsearch.xpack.esql.plan.physical.OrderExec):void \t org.elasticsearch.xpack.esql.io.stream.PlanStreamOutput"
  },
  {
    "source_class": "org.elasticsearch.xpack.esql.io.stream.PlanNamedTypes",
    "source_method": "readProjectExec",
    "target_class": "org.elasticsearch.common.io.stream.NamedWriteableAwareStreamInput"
  },
  {
    "source_class": "org.elasticsearch.xpack.esql.io.stream.PlanNamedTypes",
    "source_method": "writeProjectExec",
    "target_class": "org.elasticsearch.xpack.esql.plan.physical.ProjectExec):void \t org.elasticsearch.xpack.esql.plan.physical.UnaryExec"
  },
  {
    "source_class": "org.elasticsearch.xpack.esql.io.stream.PlanNamedTypes",
    "source_method": "readRowExec",
    "target_class": "org.elasticsearch.common.io.stream.StreamInput"
  },
  {
    "source_class": "org.elasticsearch.xpack.esql.io.stream.PlanNamedTypes",
    "source_method": "writeRowExec",
    "target_class": "org.elasticsearch.xpack.esql.plan.physical.RowExec):void \t org.elasticsearch.common.io.stream.StreamOutput"
  },
  {
    "source_class": "org.elasticsearch.xpack.esql.io.stream.PlanNamedTypes",
    "source_method": "readShowExec",
    "target_class": "org.elasticsearch.common.io.stream.NamedWriteableAwareStreamInput"
  },
  {
    "source_class": "org.elasticsearch.xpack.esql.io.stream.PlanNamedTypes",
    "source_method": "writeShowExec",
    "target_class": "org.elasticsearch.xpack.esql.plan.physical.ShowExec):void \t org.elasticsearch.common.io.stream.StreamOutput"
  },
  {
    "source_class": "org.elasticsearch.xpack.esql.io.stream.PlanNamedTypes",
    "source_method": "readTopNExec",
    "target_class": "org.elasticsearch.common.io.stream.StreamInput"
  },
  {
    "source_class": "org.elasticsearch.xpack.esql.io.stream.PlanNamedTypes",
    "source_method": "writeTopNExec",
    "target_class": "org.elasticsearch.xpack.esql.plan.physical.TopNExec):void \t org.elasticsearch.xpack.esql.plan.physical.UnaryExec"
  },
  {
    "source_class": "org.elasticsearch.xpack.esql.io.stream.PlanNamedTypes",
    "source_method": "readAggregate",
    "target_class": "org.elasticsearch.xpack.esql.io.stream.PlanStreamInput"
  },
  {
    "source_class": "org.elasticsearch.xpack.esql.io.stream.PlanNamedTypes",
    "source_method": "writeAggregate",
    "target_class": "org.elasticsearch.xpack.esql.plan.logical.Aggregate):void \t org.elasticsearch.xpack.esql.io.stream.PlanStreamOutput"
  },
  {
    "source_class": "org.elasticsearch.xpack.esql.io.stream.PlanNamedTypes",
    "source_method": "readDissect",
    "target_class": "org.elasticsearch.xpack.esql.io.stream.PlanStreamInput"
  },
  {
    "source_class": "org.elasticsearch.xpack.esql.io.stream.PlanNamedTypes",
    "source_method": "writeDissect",
    "target_class": "org.elasticsearch.xpack.esql.plan.logical.Dissect):void \t org.elasticsearch.xpack.esql.plan.logical.Dissect"
  },
  {
    "source_class": "org.elasticsearch.xpack.esql.io.stream.PlanNamedTypes",
    "source_method": "readEsRelation",
    "target_class": "org.elasticsearch.common.io.stream.NamedWriteableAwareStreamInput"
  },
  {
    "source_class": "org.elasticsearch.xpack.esql.io.stream.PlanNamedTypes",
    "source_method": "writeEsRelation",
    "target_class": "org.elasticsearch.xpack.esql.plan.logical.EsRelation):void \t org.elasticsearch.xpack.esql.plan.logical.EsRelation"
  },
  {
    "source_class": "org.elasticsearch.xpack.esql.io.stream.PlanNamedTypes",
    "source_method": "readEsSourceOptions",
    "target_class": "org.elasticsearch.common.io.stream.StreamInput"
  },
  {
    "source_class": "org.elasticsearch.xpack.esql.io.stream.PlanNamedTypes",
    "source_method": "writeEsSourceOptions",
    "target_class": "org.elasticsearch.common.io.stream.StreamOutput"
  },
  {
    "source_class": "org.elasticsearch.xpack.esql.io.stream.PlanNamedTypes",
    "source_method": "readEval",
    "target_class": "org.elasticsearch.xpack.esql.io.stream.PlanStreamInput"
  },
  {
    "source_class": "org.elasticsearch.xpack.esql.io.stream.PlanNamedTypes",
    "source_method": "writeEval",
    "target_class": "org.elasticsearch.xpack.esql.plan.logical.Eval):void \t org.elasticsearch.xpack.esql.plan.logical.Eval"
  },
  {
    "source_class": "org.elasticsearch.xpack.esql.io.stream.PlanNamedTypes",
    "source_method": "readEnrich",
    "target_class": "org.elasticsearch.common.io.stream.FilterStreamInput"
  },
  {
    "source_class": "org.elasticsearch.xpack.esql.io.stream.PlanNamedTypes",
    "source_method": "writeEnrich",
    "target_class": "org.elasticsearch.xpack.esql.plan.logical.Enrich):void \t org.elasticsearch.common.io.stream.StreamOutput"
  },
  {
    "source_class": "org.elasticsearch.xpack.esql.io.stream.PlanNamedTypes",
    "source_method": "readEsqlProject",
    "target_class": "org.elasticsearch.xpack.esql.io.stream.PlanStreamInput"
  },
  {
    "source_class": "org.elasticsearch.xpack.esql.io.stream.PlanNamedTypes",
    "source_method": "writeEsqlProject",
    "target_class": "org.elasticsearch.xpack.esql.plan.logical.local.EsqlProject):void \t org.elasticsearch.xpack.esql.io.stream.PlanStreamOutput"
  },
  {
    "source_class": "org.elasticsearch.xpack.esql.io.stream.PlanNamedTypes",
    "source_method": "readFilter",
    "target_class": "org.elasticsearch.xpack.esql.io.stream.PlanStreamInput"
  },
  {
    "source_class": "org.elasticsearch.xpack.esql.io.stream.PlanNamedTypes",
    "source_method": "writeFilter",
    "target_class": "org.elasticsearch.xpack.esql.io.stream.Filter):void \t org.elasticsearch.xpack.esql.io.stream.PlanStreamOutput"
  },
  {
    "source_class": "org.elasticsearch.xpack.esql.io.stream.PlanNamedTypes",
    "source_method": "readGrok",
    "target_class": "org.elasticsearch.xpack.esql.plan.logical.Grok"
  },
  {
    "source_class": "org.elasticsearch.xpack.esql.io.stream.PlanNamedTypes",
    "source_method": "writeGrok",
    "target_class": "org.elasticsearch.xpack.esql.plan.logical.Grok):void \t org.elasticsearch.xpack.esql.io.stream.PlanStreamOutput"
  },
  {
    "source_class": "org.elasticsearch.xpack.esql.io.stream.PlanNamedTypes",
    "source_method": "readLimit",
    "target_class": "org.elasticsearch.xpack.esql.io.stream.PlanStreamInput"
  },
  {
    "source_class": "org.elasticsearch.xpack.esql.io.stream.PlanNamedTypes",
    "source_method": "writeLimit",
    "target_class": "org.elasticsearch.xpack.esql.io.stream.Limit):void \t org.elasticsearch.xpack.esql.io.stream.PlanStreamOutput"
  },
  {
    "source_class": "org.elasticsearch.xpack.esql.io.stream.PlanNamedTypes",
    "source_method": "readMvExpand",
    "target_class": "org.elasticsearch.common.io.stream.NamedWriteableAwareStreamInput"
  },
  {
    "source_class": "org.elasticsearch.xpack.esql.io.stream.PlanNamedTypes",
    "source_method": "writeMvExpand",
    "target_class": "org.elasticsearch.xpack.esql.plan.logical.MvExpand):void \t org.elasticsearch.xpack.esql.io.stream.PlanStreamOutput"
  },
  {
    "source_class": "org.elasticsearch.xpack.esql.io.stream.PlanNamedTypes",
    "source_method": "readOrderBy",
    "target_class": "org.elasticsearch.xpack.esql.io.stream.PlanStreamInput"
  },
  {
    "source_class": "org.elasticsearch.xpack.esql.io.stream.PlanNamedTypes",
    "source_method": "writeOrderBy",
    "target_class": "org.elasticsearch.xpack.esql.io.stream.OrderBy):void \t org.elasticsearch.xpack.esql.io.stream.PlanStreamOutput"
  },
  {
    "source_class": "org.elasticsearch.xpack.esql.io.stream.PlanNamedTypes",
    "source_method": "readProject",
    "target_class": "org.elasticsearch.xpack.esql.io.stream.PlanStreamInput"
  },
  {
    "source_class": "org.elasticsearch.xpack.esql.io.stream.PlanNamedTypes",
    "source_method": "writeProject",
    "target_class": "org.elasticsearch.xpack.esql.plan.logical.Project):void \t org.elasticsearch.xpack.esql.io.stream.PlanStreamOutput"
  },
  {
    "source_class": "org.elasticsearch.xpack.esql.io.stream.PlanNamedTypes",
    "source_method": "readTopN",
    "target_class": "org.elasticsearch.xpack.esql.io.stream.PlanStreamInput"
  },
  {
    "source_class": "org.elasticsearch.xpack.esql.io.stream.PlanNamedTypes",
    "source_method": "writeTopN",
    "target_class": "org.elasticsearch.xpack.esql.plan.logical.TopN):void \t org.elasticsearch.xpack.esql.io.stream.PlanStreamOutput"
  },
  {
    "source_class": "org.elasticsearch.xpack.esql.io.stream.PlanNamedTypes",
    "source_method": "readBinComparison",
    "target_class": "java.lang.String):org.elasticsearch.xpack.esql.expression.predicate.operator.comparison.EsqlBinaryComparison \t org.elasticsearch.xpack.esql.io.stream.PlanStreamInput"
  },
  {
    "source_class": "org.elasticsearch.xpack.esql.io.stream.PlanNamedTypes",
    "source_method": "writeBinComparison",
    "target_class": "org.elasticsearch.xpack.esql.expression.predicate.operator.comparison.EsqlBinaryComparison):void \t org.elasticsearch.xpack.esql.io.stream.PlanStreamOutput"
  },
  {
    "source_class": "org.elasticsearch.xpack.esql.io.stream.PlanNamedTypes",
    "source_method": "readInsensitiveEquals",
    "target_class": "java.lang.String):org.elasticsearch.xpack.esql.expression.predicate.operator.comparison.InsensitiveEquals \t org.elasticsearch.xpack.esql.io.stream.PlanStreamInput"
  },
  {
    "source_class": "org.elasticsearch.xpack.esql.io.stream.PlanNamedTypes",
    "source_method": "writeInsensitiveEquals",
    "target_class": "org.elasticsearch.xpack.esql.expression.predicate.operator.comparison.InsensitiveEquals):void \t org.elasticsearch.xpack.esql.io.stream.PlanStreamOutput"
  },
  {
    "source_class": "org.elasticsearch.xpack.esql.io.stream.PlanNamedTypes",
    "source_method": "readInComparison",
    "target_class": "org.elasticsearch.xpack.esql.io.stream.PlanStreamInput"
  },
  {
    "source_class": "org.elasticsearch.xpack.esql.io.stream.PlanNamedTypes",
    "source_method": "writeInComparison",
    "target_class": "org.elasticsearch.xpack.esql.expression.predicate.operator.comparison.In):void \t org.elasticsearch.xpack.esql.io.stream.PlanStreamOutput"
  },
  {
    "source_class": "org.elasticsearch.xpack.esql.io.stream.PlanNamedTypes",
    "source_method": "readWildcardLike",
    "target_class": "java.lang.String):org.elasticsearch.xpack.esql.expression.function.scalar.string.WildcardLike \t org.elasticsearch.xpack.esql.io.stream.PlanStreamInput"
  },
  {
    "source_class": "org.elasticsearch.xpack.esql.io.stream.PlanNamedTypes",
    "source_method": "writeWildcardLike",
    "target_class": "org.elasticsearch.xpack.esql.expression.function.scalar.string.WildcardLike):void \t org.elasticsearch.xpack.esql.io.stream.PlanStreamOutput"
  },
  {
    "source_class": "org.elasticsearch.xpack.esql.io.stream.PlanNamedTypes",
    "source_method": "readRLike",
    "target_class": "java.lang.String):org.elasticsearch.xpack.esql.expression.function.scalar.string.RLike \t org.elasticsearch.xpack.esql.io.stream.PlanStreamInput"
  },
  {
    "source_class": "org.elasticsearch.xpack.esql.io.stream.PlanNamedTypes",
    "source_method": "writeRLike",
    "target_class": "org.elasticsearch.xpack.esql.expression.function.scalar.string.RLike):void \t org.elasticsearch.xpack.esql.io.stream.PlanStreamOutput"
  },
  {
    "source_class": "org.elasticsearch.xpack.esql.io.stream.PlanNamedTypes",
    "source_method": "readBinaryLogic",
    "target_class": "java.lang.String):org.elasticsearch.xpack.esql.io.stream.BinaryLogic \t org.elasticsearch.xpack.esql.io.stream.PlanStreamInput"
  },
  {
    "source_class": "org.elasticsearch.xpack.esql.io.stream.PlanNamedTypes",
    "source_method": "writeBinaryLogic",
    "target_class": "org.elasticsearch.xpack.esql.io.stream.BinaryLogic):void \t org.elasticsearch.xpack.esql.io.stream.PlanStreamOutput"
  },
  {
    "source_class": "org.elasticsearch.xpack.esql.io.stream.PlanNamedTypes",
    "source_method": "readQLUnaryScalar",
    "target_class": "java.lang.String):org.elasticsearch.xpack.esql.core.expression.function.scalar.UnaryScalarFunction \t org.elasticsearch.xpack.esql.io.stream.PlanStreamInput"
  },
  {
    "source_class": "org.elasticsearch.xpack.esql.io.stream.PlanNamedTypes",
    "source_method": "writeQLUnaryScalar",
    "target_class": "org.elasticsearch.xpack.esql.core.expression.function.scalar.UnaryScalarFunction):void \t org.elasticsearch.xpack.esql.io.stream.PlanStreamOutput"
  },
  {
    "source_class": "org.elasticsearch.xpack.esql.io.stream.PlanNamedTypes",
    "source_method": "readAtan2",
    "target_class": "org.elasticsearch.xpack.esql.io.stream.PlanStreamInput"
  },
  {
    "source_class": "org.elasticsearch.xpack.esql.io.stream.PlanNamedTypes",
    "source_method": "writeAtan2",
    "target_class": "org.elasticsearch.xpack.esql.expression.function.scalar.math.Atan2):void \t org.elasticsearch.xpack.esql.io.stream.PlanStreamOutput"
  },
  {
    "source_class": "org.elasticsearch.xpack.esql.io.stream.PlanNamedTypes",
    "source_method": "readBucket",
    "target_class": "org.elasticsearch.xpack.esql.io.stream.PlanStreamInput"
  },
  {
    "source_class": "org.elasticsearch.xpack.esql.io.stream.PlanNamedTypes",
    "source_method": "writeBucket",
    "target_class": "org.elasticsearch.xpack.esql.expression.function.grouping.Bucket):void \t org.elasticsearch.xpack.esql.io.stream.PlanStreamOutput"
  },
  {
    "source_class": "org.elasticsearch.xpack.esql.io.stream.PlanNamedTypes",
    "source_method": "readVarag",
    "target_class": "java.lang.String):org.elasticsearch.xpack.esql.io.stream.ScalarFunction \t org.elasticsearch.xpack.esql.io.stream.PlanStreamInput"
  },
  {
    "source_class": "org.elasticsearch.xpack.esql.io.stream.PlanNamedTypes",
    "source_method": "writeVararg",
    "target_class": "org.elasticsearch.xpack.esql.io.stream.ScalarFunction):void \t org.elasticsearch.xpack.esql.io.stream.PlanStreamOutput"
  },
  {
    "source_class": "org.elasticsearch.xpack.esql.io.stream.PlanNamedTypes",
    "source_method": "readCountDistinct",
    "target_class": "org.elasticsearch.xpack.esql.io.stream.PlanStreamInput"
  },
  {
    "source_class": "org.elasticsearch.xpack.esql.io.stream.PlanNamedTypes",
    "source_method": "writeCountDistinct",
    "target_class": "org.elasticsearch.xpack.esql.expression.function.aggregate.CountDistinct):void \t org.elasticsearch.common.io.stream.StreamOutput"
  },
  {
    "source_class": "org.elasticsearch.xpack.esql.io.stream.PlanNamedTypes",
    "source_method": "readDateDiff",
    "target_class": "org.elasticsearch.xpack.esql.io.stream.PlanStreamInput"
  },
  {
    "source_class": "org.elasticsearch.xpack.esql.io.stream.PlanNamedTypes",
    "source_method": "writeDateDiff",
    "target_class": "org.elasticsearch.xpack.esql.expression.function.scalar.date.DateDiff):void \t org.elasticsearch.xpack.esql.io.stream.PlanStreamOutput"
  },
  {
    "source_class": "org.elasticsearch.xpack.esql.io.stream.PlanNamedTypes",
    "source_method": "readDateExtract",
    "target_class": "org.elasticsearch.xpack.esql.io.stream.PlanStreamInput"
  },
  {
    "source_class": "org.elasticsearch.xpack.esql.io.stream.PlanNamedTypes",
    "source_method": "writeDateExtract",
    "target_class": "org.elasticsearch.xpack.esql.expression.function.scalar.date.DateExtract):void \t org.elasticsearch.xpack.esql.io.stream.PlanStreamOutput"
  },
  {
    "source_class": "org.elasticsearch.xpack.esql.io.stream.PlanNamedTypes",
    "source_method": "readDateFormat",
    "target_class": "org.elasticsearch.xpack.esql.io.stream.PlanStreamInput"
  },
  {
    "source_class": "org.elasticsearch.xpack.esql.io.stream.PlanNamedTypes",
    "source_method": "writeDateFormat",
    "target_class": "org.elasticsearch.xpack.esql.expression.function.scalar.date.DateFormat):void \t org.elasticsearch.xpack.esql.io.stream.PlanStreamOutput"
  },
  {
    "source_class": "org.elasticsearch.xpack.esql.io.stream.PlanNamedTypes",
    "source_method": "readDateTimeParse",
    "target_class": "org.elasticsearch.xpack.esql.io.stream.PlanStreamInput"
  },
  {
    "source_class": "org.elasticsearch.xpack.esql.io.stream.PlanNamedTypes",
    "source_method": "writeDateTimeParse",
    "target_class": "org.elasticsearch.xpack.esql.expression.function.scalar.date.DateParse):void \t org.elasticsearch.xpack.esql.io.stream.PlanStreamOutput"
  },
  {
    "source_class": "org.elasticsearch.xpack.esql.io.stream.PlanNamedTypes",
    "source_method": "readDateTrunc",
    "target_class": "org.elasticsearch.xpack.esql.io.stream.PlanStreamInput"
  },
  {
    "source_class": "org.elasticsearch.xpack.esql.io.stream.PlanNamedTypes",
    "source_method": "writeDateTrunc",
    "target_class": "org.elasticsearch.xpack.esql.expression.function.scalar.date.DateTrunc):void \t org.elasticsearch.xpack.esql.io.stream.PlanStreamOutput"
  },
  {
    "source_class": "org.elasticsearch.xpack.esql.io.stream.PlanNamedTypes",
    "source_method": "readIntersects",
    "target_class": "org.elasticsearch.xpack.esql.io.stream.PlanStreamInput"
  },
  {
    "source_class": "org.elasticsearch.xpack.esql.io.stream.PlanNamedTypes",
    "source_method": "readDisjoint",
    "target_class": "org.elasticsearch.xpack.esql.io.stream.PlanStreamInput"
  },
  {
    "source_class": "org.elasticsearch.xpack.esql.io.stream.PlanNamedTypes",
    "source_method": "readContains",
    "target_class": "org.elasticsearch.xpack.esql.io.stream.PlanStreamInput"
  },
  {
    "source_class": "org.elasticsearch.xpack.esql.io.stream.PlanNamedTypes",
    "source_method": "readWithin",
    "target_class": "org.elasticsearch.xpack.esql.io.stream.PlanStreamInput"
  },
  {
    "source_class": "org.elasticsearch.xpack.esql.io.stream.PlanNamedTypes",
    "source_method": "writeSpatialRelatesFunction",
    "target_class": "org.elasticsearch.xpack.esql.expression.function.scalar.spatial.SpatialRelatesFunction):void \t org.elasticsearch.xpack.esql.io.stream.PlanStreamOutput"
  },
  {
    "source_class": "org.elasticsearch.xpack.esql.io.stream.PlanNamedTypes",
    "source_method": "readNow",
    "target_class": "org.elasticsearch.xpack.esql.io.stream.PlanStreamInput"
  },
  {
    "source_class": "org.elasticsearch.xpack.esql.io.stream.PlanNamedTypes",
    "source_method": "readRound",
    "target_class": "org.elasticsearch.xpack.esql.io.stream.PlanStreamInput"
  },
  {
    "source_class": "org.elasticsearch.xpack.esql.io.stream.PlanNamedTypes",
    "source_method": "writeRound",
    "target_class": "org.elasticsearch.xpack.esql.expression.function.scalar.math.Round):void \t org.elasticsearch.xpack.esql.io.stream.PlanStreamOutput"
  },
  {
    "source_class": "org.elasticsearch.xpack.esql.io.stream.PlanNamedTypes",
    "source_method": "readPow",
    "target_class": "org.elasticsearch.xpack.esql.io.stream.PlanStreamInput"
  },
  {
    "source_class": "org.elasticsearch.xpack.esql.io.stream.PlanNamedTypes",
    "source_method": "writePow",
    "target_class": "org.elasticsearch.xpack.esql.expression.function.scalar.math.Pow):void \t org.elasticsearch.xpack.esql.io.stream.PlanStreamOutput"
  },
  {
    "source_class": "org.elasticsearch.xpack.esql.io.stream.PlanNamedTypes",
    "source_method": "readPercentile",
    "target_class": "org.elasticsearch.xpack.esql.io.stream.PlanStreamInput"
  },
  {
    "source_class": "org.elasticsearch.xpack.esql.io.stream.PlanNamedTypes",
    "source_method": "writePercentile",
    "target_class": "org.elasticsearch.xpack.esql.expression.function.aggregate.Percentile):void \t org.elasticsearch.xpack.esql.io.stream.PlanStreamOutput"
  },
  {
    "source_class": "org.elasticsearch.xpack.esql.io.stream.PlanNamedTypes",
    "source_method": "readStartsWith",
    "target_class": "org.elasticsearch.xpack.esql.io.stream.PlanStreamInput"
  },
  {
    "source_class": "org.elasticsearch.xpack.esql.io.stream.PlanNamedTypes",
    "source_method": "writeStartsWith",
    "target_class": "org.elasticsearch.xpack.esql.expression.function.scalar.string.StartsWith):void \t org.elasticsearch.xpack.esql.io.stream.PlanStreamOutput"
  },
  {
    "source_class": "org.elasticsearch.xpack.esql.io.stream.PlanNamedTypes",
    "source_method": "readEndsWith",
    "target_class": "org.elasticsearch.xpack.esql.io.stream.PlanStreamInput"
  },
  {
    "source_class": "org.elasticsearch.xpack.esql.io.stream.PlanNamedTypes",
    "source_method": "writeEndsWith",
    "target_class": "org.elasticsearch.xpack.esql.expression.function.scalar.string.EndsWith):void \t org.elasticsearch.xpack.esql.io.stream.PlanStreamOutput"
  },
  {
    "source_class": "org.elasticsearch.xpack.esql.io.stream.PlanNamedTypes",
    "source_method": "readSubstring",
    "target_class": "org.elasticsearch.xpack.esql.io.stream.PlanStreamInput"
  },
  {
    "source_class": "org.elasticsearch.xpack.esql.io.stream.PlanNamedTypes",
    "source_method": "writeSubstring",
    "target_class": "org.elasticsearch.xpack.esql.expression.function.scalar.string.Substring):void \t org.elasticsearch.xpack.esql.io.stream.PlanStreamOutput"
  },
  {
    "source_class": "org.elasticsearch.xpack.esql.io.stream.PlanNamedTypes",
    "source_method": "readLocate",
    "target_class": "org.elasticsearch.xpack.esql.io.stream.PlanStreamInput"
  },
  {
    "source_class": "org.elasticsearch.xpack.esql.io.stream.PlanNamedTypes",
    "source_method": "writeLocate",
    "target_class": "org.elasticsearch.xpack.esql.expression.function.scalar.string.Locate):void \t org.elasticsearch.xpack.esql.io.stream.PlanStreamOutput"
  },
  {
    "source_class": "org.elasticsearch.xpack.esql.io.stream.PlanNamedTypes",
    "source_method": "readReplace",
    "target_class": "org.elasticsearch.xpack.esql.io.stream.PlanStreamInput"
  },
  {
    "source_class": "org.elasticsearch.xpack.esql.io.stream.PlanNamedTypes",
    "source_method": "writeReplace",
    "target_class": "org.elasticsearch.xpack.esql.expression.function.scalar.string.Replace):void \t org.elasticsearch.xpack.esql.io.stream.PlanStreamOutput"
  },
  {
    "source_class": "org.elasticsearch.xpack.esql.io.stream.PlanNamedTypes",
    "source_method": "readToLower",
    "target_class": "org.elasticsearch.xpack.esql.io.stream.PlanStreamInput"
  },
  {
    "source_class": "org.elasticsearch.xpack.esql.io.stream.PlanNamedTypes",
    "source_method": "writeToLower",
    "target_class": "org.elasticsearch.xpack.esql.expression.function.scalar.string.ToLower):void \t org.elasticsearch.xpack.esql.expression.function.scalar.string.ToLower"
  },
  {
    "source_class": "org.elasticsearch.xpack.esql.io.stream.PlanNamedTypes",
    "source_method": "readToUpper",
    "target_class": "org.elasticsearch.xpack.esql.io.stream.PlanStreamInput"
  },
  {
    "source_class": "org.elasticsearch.xpack.esql.io.stream.PlanNamedTypes",
    "source_method": "writeToUpper",
    "target_class": "org.elasticsearch.xpack.esql.expression.function.scalar.string.ToUpper):void \t org.elasticsearch.xpack.esql.expression.function.scalar.string.ToUpper"
  },
  {
    "source_class": "org.elasticsearch.xpack.esql.io.stream.PlanNamedTypes",
    "source_method": "readLeft",
    "target_class": "org.elasticsearch.xpack.esql.io.stream.PlanStreamInput"
  },
  {
    "source_class": "org.elasticsearch.xpack.esql.io.stream.PlanNamedTypes",
    "source_method": "writeLeft",
    "target_class": "org.elasticsearch.xpack.esql.expression.function.scalar.string.Left):void \t org.elasticsearch.xpack.esql.io.stream.PlanStreamOutput"
  },
  {
    "source_class": "org.elasticsearch.xpack.esql.io.stream.PlanNamedTypes",
    "source_method": "readRepeat",
    "target_class": "org.elasticsearch.xpack.esql.io.stream.PlanStreamInput"
  },
  {
    "source_class": "org.elasticsearch.xpack.esql.io.stream.PlanNamedTypes",
    "source_method": "writeRepeat",
    "target_class": "org.elasticsearch.xpack.esql.expression.function.scalar.string.Repeat):void \t org.elasticsearch.xpack.esql.io.stream.PlanStreamOutput"
  },
  {
    "source_class": "org.elasticsearch.xpack.esql.io.stream.PlanNamedTypes",
    "source_method": "readRight",
    "target_class": "org.elasticsearch.xpack.esql.io.stream.PlanStreamInput"
  },
  {
    "source_class": "org.elasticsearch.xpack.esql.io.stream.PlanNamedTypes",
    "source_method": "writeRight",
    "target_class": "org.elasticsearch.xpack.esql.expression.function.scalar.string.Right):void \t org.elasticsearch.xpack.esql.io.stream.PlanStreamOutput"
  },
  {
    "source_class": "org.elasticsearch.xpack.esql.io.stream.PlanNamedTypes",
    "source_method": "readSplit",
    "target_class": "org.elasticsearch.xpack.esql.io.stream.PlanStreamInput"
  },
  {
    "source_class": "org.elasticsearch.xpack.esql.io.stream.PlanNamedTypes",
    "source_method": "writeSplit",
    "target_class": "org.elasticsearch.xpack.esql.expression.function.scalar.string.Split):void \t org.elasticsearch.xpack.esql.io.stream.PlanStreamOutput"
  },
  {
    "source_class": "org.elasticsearch.xpack.esql.io.stream.PlanNamedTypes",
    "source_method": "readCIDRMatch",
    "target_class": "org.elasticsearch.xpack.esql.io.stream.PlanStreamInput"
  },
  {
    "source_class": "org.elasticsearch.xpack.esql.io.stream.PlanNamedTypes",
    "source_method": "writeCIDRMatch",
    "target_class": "org.elasticsearch.xpack.esql.expression.function.scalar.ip.CIDRMatch):void \t org.elasticsearch.xpack.esql.io.stream.PlanStreamOutput"
  },
  {
    "source_class": "org.elasticsearch.xpack.esql.io.stream.PlanNamedTypes",
    "source_method": "readArithmeticOperation",
    "target_class": "java.lang.String):org.elasticsearch.xpack.esql.io.stream.ArithmeticOperation \t org.elasticsearch.xpack.esql.io.stream.PlanStreamInput"
  },
  {
    "source_class": "org.elasticsearch.xpack.esql.io.stream.PlanNamedTypes",
    "source_method": "writeArithmeticOperation",
    "target_class": "org.elasticsearch.xpack.esql.io.stream.ArithmeticOperation):void \t org.elasticsearch.xpack.esql.io.stream.PlanStreamOutput"
  },
  {
    "source_class": "org.elasticsearch.xpack.esql.io.stream.PlanNamedTypes",
    "source_method": "readAggFunction",
    "target_class": "java.lang.String):org.elasticsearch.xpack.esql.expression.function.aggregate.AggregateFunction \t org.elasticsearch.xpack.esql.io.stream.PlanStreamInput"
  },
  {
    "source_class": "org.elasticsearch.xpack.esql.io.stream.PlanNamedTypes",
    "source_method": "writeAggFunction",
    "target_class": "org.elasticsearch.xpack.esql.expression.function.aggregate.AggregateFunction):void \t org.elasticsearch.xpack.esql.expression.function.aggregate.AggregateFunction"
  },
  {
    "source_class": "org.elasticsearch.xpack.esql.io.stream.PlanNamedTypes",
    "source_method": "readMvFunction",
    "target_class": "java.lang.String):org.elasticsearch.xpack.esql.expression.function.scalar.multivalue.AbstractMultivalueFunction \t org.elasticsearch.xpack.esql.io.stream.PlanStreamInput"
  },
  {
    "source_class": "org.elasticsearch.xpack.esql.io.stream.PlanNamedTypes",
    "source_method": "writeMvFunction",
    "target_class": "org.elasticsearch.xpack.esql.expression.function.scalar.multivalue.AbstractMultivalueFunction):void \t org.elasticsearch.xpack.esql.io.stream.PlanStreamOutput"
  },
  {
    "source_class": "org.elasticsearch.xpack.esql.io.stream.PlanNamedTypes",
    "source_method": "readMvConcat",
    "target_class": "org.elasticsearch.xpack.esql.io.stream.PlanStreamInput"
  },
  {
    "source_class": "org.elasticsearch.xpack.esql.io.stream.PlanNamedTypes",
    "source_method": "writeMvConcat",
    "target_class": "org.elasticsearch.xpack.esql.expression.function.scalar.multivalue.MvConcat):void \t org.elasticsearch.xpack.esql.io.stream.PlanStreamOutput"
  },
  {
    "source_class": "org.elasticsearch.xpack.esql.io.stream.PlanNamedTypes",
    "source_method": "writeLiteral",
    "target_class": "org.elasticsearch.xpack.esql.io.stream.Literal):void \t org.elasticsearch.common.io.stream.StreamOutput"
  },
  {
    "source_class": "org.elasticsearch.xpack.esql.io.stream.PlanNamedTypes",
    "source_method": "mapFromLiteralValue",
    "target_class": "org.elasticsearch.xpack.esql.io.stream.DataType, java.lang.Object):java.lang.Object \t org.elasticsearch.xpack.esql.io.stream.PlanStreamOutput"
  },
  {
    "source_class": "org.elasticsearch.xpack.esql.io.stream.PlanNamedTypes",
    "source_method": "mapToLiteralValue",
    "target_class": "org.elasticsearch.xpack.esql.io.stream.DataType, java.lang.Object):java.lang.Object \t org.elasticsearch.common.io.stream.FilterStreamInput"
  },
  {
    "source_class": "org.elasticsearch.xpack.esql.io.stream.PlanNamedTypes",
    "source_method": "readOrder",
    "target_class": "org.elasticsearch.xpack.esql.io.stream.PlanStreamInput"
  },
  {
    "source_class": "org.elasticsearch.xpack.esql.io.stream.PlanNamedTypes",
    "source_method": "writeOrder",
    "target_class": "org.elasticsearch.xpack.esql.io.stream.Order):void \t org.elasticsearch.xpack.esql.io.stream.PlanStreamOutput"
  },
  {
    "source_class": "org.elasticsearch.xpack.esql.io.stream.PlanNamedTypes",
    "source_method": "readEsIndex",
    "target_class": "org.elasticsearch.common.io.stream.FilterStreamInput"
  },
  {
    "source_class": "org.elasticsearch.xpack.esql.io.stream.PlanNamedTypes",
    "source_method": "writeEsIndex",
    "target_class": "org.elasticsearch.xpack.esql.io.stream.EsIndex):void \t org.elasticsearch.common.io.stream.StreamOutput"
  },
  {
    "source_class": "org.elasticsearch.xpack.esql.io.stream.PlanNamedTypes",
    "source_method": "readDissectParser",
    "target_class": "org.elasticsearch.common.io.stream.FilterStreamInput"
  },
  {
    "source_class": "org.elasticsearch.xpack.esql.io.stream.PlanNamedTypes",
    "source_method": "writeDissectParser",
    "target_class": "org.elasticsearch.xpack.esql.io.stream.Parser):void \t org.elasticsearch.common.io.stream.StreamOutput"
  },
  {
    "source_class": "org.elasticsearch.xpack.esql.io.stream.PlanNamedTypes",
    "source_method": "readLog",
    "target_class": "org.elasticsearch.xpack.esql.io.stream.PlanStreamInput"
  },
  {
    "source_class": "org.elasticsearch.xpack.esql.io.stream.PlanNamedTypes",
    "source_method": "writeLog",
    "target_class": "org.elasticsearch.xpack.esql.expression.function.scalar.math.Log):void \t org.elasticsearch.xpack.esql.io.stream.PlanStreamOutput"
  },
  {
    "source_class": "org.elasticsearch.xpack.esql.io.stream.PlanNamedTypes",
    "source_method": "readMvSort",
    "target_class": "org.elasticsearch.xpack.esql.io.stream.PlanStreamInput"
  },
  {
    "source_class": "org.elasticsearch.xpack.esql.io.stream.PlanNamedTypes",
    "source_method": "writeMvSort",
    "target_class": "org.elasticsearch.xpack.esql.expression.function.scalar.multivalue.MvSort):void \t org.elasticsearch.xpack.esql.io.stream.PlanStreamOutput"
  },
  {
    "source_class": "org.elasticsearch.xpack.esql.io.stream.PlanNamedTypes",
    "source_method": "readMvSlice",
    "target_class": "org.elasticsearch.xpack.esql.io.stream.PlanStreamInput"
  },
  {
    "source_class": "org.elasticsearch.xpack.esql.io.stream.PlanNamedTypes",
    "source_method": "writeMvSlice",
    "target_class": "org.elasticsearch.xpack.esql.expression.function.scalar.multivalue.MvSlice):void \t org.elasticsearch.xpack.esql.io.stream.PlanStreamOutput"
  },
  {
    "source_class": "org.elasticsearch.xpack.esql.io.stream.PlanNamedTypes",
    "source_method": "readMvZip",
    "target_class": "org.elasticsearch.xpack.esql.io.stream.PlanStreamInput"
  },
  {
    "source_class": "org.elasticsearch.xpack.esql.io.stream.PlanNamedTypes",
    "source_method": "writeMvZip",
    "target_class": "org.elasticsearch.xpack.esql.expression.function.scalar.multivalue.MvZip):void \t org.elasticsearch.xpack.esql.io.stream.PlanStreamOutput"
  },
  {
    "source_class": "org.elasticsearch.xpack.esql.io.stream.PlanNamedTypes",
    "source_method": "readMvAppend",
    "target_class": "org.elasticsearch.xpack.esql.io.stream.PlanStreamInput"
  },
  {
    "source_class": "org.elasticsearch.xpack.esql.io.stream.PlanNamedTypes",
    "source_method": "writeMvAppend",
    "target_class": "org.elasticsearch.xpack.esql.expression.function.scalar.multivalue.MvAppend):void \t org.elasticsearch.xpack.esql.io.stream.PlanStreamOutput"
  },
  {
    "source_class": "org.elasticsearch.xpack.esql.optimizer.LogicalPlanOptimizer.DuplicateLimitAfterMvExpand",
    "source_method": "descendantMvExpand",
    "target_class": "org.elasticsearch.xpack.esql.plan.logical.MvExpand"
  },
  {
    "source_class": "org.elasticsearch.xpack.esql.optimizer.LogicalPlanOptimizer",
    "source_method": "pushDownPastProject",
    "target_class": "org.elasticsearch.xpack.esql.plan.logical.Project"
  },
  {
    "source_class": "org.elasticsearch.xpack.esql.optimizer.LogicalPlanOptimizer.ReplaceStatsNestedExpressionWithEval",
    "source_method": "syntheticName",
    "target_class": "org.elasticsearch.xpack.esql.expression.function.aggregate.AggregateFunction, int):java.lang.String \t org.elasticsearch.xpack.esql.optimizer.LogicalPlanOptimizer.SubstituteSurrogates"
  },
  {
    "source_class": "org.elasticsearch.xpack.esql.optimizer.LogicalPlanOptimizer.ReplaceStatsAggExpressionWithEval",
    "source_method": "syntheticName",
    "target_class": "org.elasticsearch.xpack.esql.optimizer.Expression, int):java.lang.String \t org.elasticsearch.xpack.esql.optimizer.LogicalPlanOptimizer.SubstituteSurrogates"
  },
  {
    "source_class": "org.elasticsearch.xpack.esql.optimizer.LogicalPlanOptimizer.RemoveStatsOverride",
    "source_method": "removeDuplicateNames",
    "target_class": "org.elasticsearch.common.util.set.Sets"
  },
  {
    "source_class": "org.elasticsearch.xpack.esql.optimizer.LogicalPlanOptimizer.NormalizeAggregate",
    "source_method": "normalize",
    "target_class": "org.elasticsearch.xpack.esql.optimizer.AttributeMap<org.elasticsearch.xpack.esql.optimizer.Expression>):org.elasticsearch.xpack.esql.optimizer.LogicalPlan \t org.elasticsearch.xpack.esql.plan.logical.Aggregate"
  }
]