[
  {
    "source_class": "org.apache.kafka.coordinator.group.consumer.ConsumerGroup",
    "source_method": "maybeUpdateServerAssignors",
    "target_class": "org.apache.kafka.coordinator.group.consumer.ConsumerGroupMember, org.apache.kafka.coordinator.group.consumer.ConsumerGroupMember):void \t org.apache.kafka.coordinator.group.consumer.ConsumerGroupMember"
  },
  {
    "source_class": "org.apache.kafka.coordinator.group.consumer.ConsumerGroup",
    "source_method": "maybeUpdateNumClassicProtocolMembers",
    "target_class": "org.apache.kafka.coordinator.group.consumer.ConsumerGroupMember):void \t org.apache.kafka.coordinator.group.consumer.ConsumerGroupMember"
  },
  {
    "source_class": "org.apache.kafka.coordinator.group.consumer.ConsumerGroup",
    "source_method": "maybeUpdateSubscribedTopicNames",
    "target_class": "org.apache.kafka.coordinator.group.consumer.ConsumerGroupMember, org.apache.kafka.coordinator.group.consumer.ConsumerGroupMember):void \t org.apache.kafka.coordinator.group.consumer.ConsumerGroupMember"
  },
  {
    "source_class": "org.apache.kafka.coordinator.group.consumer.ConsumerGroup",
    "source_method": "maybeUpdatePartitionEpoch",
    "target_class": "org.apache.kafka.coordinator.group.consumer.ConsumerGroupMember):void \t org.apache.kafka.coordinator.group.consumer.ConsumerGroupMember"
  },
  {
    "source_class": "org.apache.kafka.coordinator.group.consumer.ConsumerGroup",
    "source_method": "maybeRemovePartitionEpoch",
    "target_class": "org.apache.kafka.coordinator.group.consumer.ConsumerGroupMember"
  },
  {
    "source_class": "org.apache.kafka.coordinator.group.consumer.ConsumerGroup",
    "source_method": "fromClassicGroup",
    "target_class": "org.apache.kafka.coordinator.group.metrics.GroupCoordinatorMetricsShard, org.apache.kafka.coordinator.group.classic.ClassicGroup, org.apache.kafka.coordinator.group.consumer.TopicsImage):org.apache.kafka.coordinator.group.consumer.ConsumerGroup \t org.apache.kafka.coordinator.group.consumer.ConsumerGroupMember.Builder"
  }
]