[
  {
    "source_class": "org.elasticsearch.server.cli.MachineDependentHeap",
    "source_method": "determineHeapSettings",
    "target_class": "org.elasticsearch.server.cli.SystemMemoryInfo, java.util.List<java.lang.String>):java.util.List<java.lang.String> \t org.elasticsearch.server.cli.SystemMemoryInfo"
  },
  {
    "source_class": "org.elasticsearch.server.cli.MachineDependentHeap",
    "source_method": "mapNodeRole",
    "target_class": "org.elasticsearch.server.cli.MachineDependentHeap.MachineNodeRole"
  },
  {
    "source_class": "org.elasticsearch.action.admin.cluster.settings.RestClusterGetSettingsResponse",
    "source_method": "getSetting",
    "target_class": "org.elasticsearch.common.settings.Settings"
  },
  {
    "source_class": "org.elasticsearch.action.admin.indices.settings.get.GetSettingsResponse",
    "source_method": "getSetting",
    "target_class": "java.lang.String):java.lang.String \t org.elasticsearch.common.settings.Settings"
  },
  {
    "source_class": "org.elasticsearch.action.bulk.BulkResponse",
    "source_method": "buildFailureMessage",
    "target_class": "org.elasticsearch.action.bulk.BulkItemResponse"
  },
  {
    "source_class": "org.elasticsearch.cluster.SnapshotsInProgress",
    "source_method": "get",
    "target_class": "org.elasticsearch.cluster.ClusterState"
  },
  {
    "source_class": "org.elasticsearch.cluster.SnapshotsInProgress",
    "source_method": "readNodeIdsForRemoval",
    "target_class": "org.elasticsearch.common.io.stream.StreamInput"
  },
  {
    "source_class": "org.elasticsearch.cluster.SnapshotsInProgress",
    "source_method": "collectByRepo",
    "target_class": "org.elasticsearch.common.util.Maps"
  },
  {
    "source_class": "org.elasticsearch.cluster.SnapshotsInProgress",
    "source_method": "findSnapshotInList",
    "target_class": "java.util.List<org.elasticsearch.cluster.Entry>):org.elasticsearch.cluster.Entry \t org.elasticsearch.snapshots.Snapshot"
  },
  {
    "source_class": "org.elasticsearch.cluster.SnapshotsInProgress",
    "source_method": "readDiffFrom",
    "target_class": "org.elasticsearch.cluster.AbstractNamedDiffable"
  },
  {
    "source_class": "org.elasticsearch.cluster.SnapshotsInProgress",
    "source_method": "startedEntry",
    "target_class": "boolean, boolean, java.util.Map<java.lang.String,org.elasticsearch.repositories.IndexId>, java.util.List<java.lang.String>, long, long, java.util.Map<org.elasticsearch.index.shard.ShardId,org.elasticsearch.cluster.ShardSnapshotStatus>, java.util.Map<java.lang.String,java.lang.Object>, org.elasticsearch.cluster.IndexVersion, java.util.List<org.elasticsearch.snapshots.SnapshotFeatureInfo>):org.elasticsearch.cluster.Entry \t org.elasticsearch.cluster.SnapshotsInProgress.State"
  },
  {
    "source_class": "org.elasticsearch.cluster.SnapshotsInProgress",
    "source_method": "startClone",
    "target_class": "org.elasticsearch.snapshots.SnapshotId, java.util.Map<java.lang.String,org.elasticsearch.repositories.IndexId>, long, long, org.elasticsearch.cluster.IndexVersion):org.elasticsearch.cluster.Entry \t org.elasticsearch.cluster.Entry"
  },
  {
    "source_class": "org.elasticsearch.cluster.SnapshotsInProgress",
    "source_method": "assertConsistentEntries",
    "target_class": "org.elasticsearch.cluster.Entry"
  },
  {
    "source_class": "org.elasticsearch.cluster.SnapshotsInProgress",
    "source_method": "getNodesIdsMarkedForRemoval",
    "target_class": "org.elasticsearch.common.util.set.Sets"
  },
  {
    "source_class": "org.elasticsearch.cluster.SnapshotsInProgress",
    "source_method": "success",
    "target_class": "org.elasticsearch.repositories.ShardSnapshotResult):org.elasticsearch.cluster.ShardSnapshotStatus \t org.elasticsearch.repositories.ShardSnapshotResult"
  },
  {
    "source_class": "org.elasticsearch.cluster.SnapshotsInProgress",
    "source_method": "readFrom",
    "target_class": "org.elasticsearch.common.io.stream.StreamInput"
  },
  {
    "source_class": "org.elasticsearch.cluster.Entry",
    "source_method": "snapshot",
    "target_class": "boolean, boolean, org.elasticsearch.cluster.State, java.util.Map<java.lang.String,org.elasticsearch.repositories.IndexId>, java.util.List<java.lang.String>, java.util.List<org.elasticsearch.snapshots.SnapshotFeatureInfo>, long, long, java.util.Map<org.elasticsearch.index.shard.ShardId,org.elasticsearch.cluster.ShardSnapshotStatus>, java.lang.String, java.util.Map<java.lang.String,java.lang.Object>, org.elasticsearch.cluster.IndexVersion):org.elasticsearch.cluster.Entry \t org.elasticsearch.repositories.IndexId"
  },
  {
    "source_class": "org.elasticsearch.cluster.Entry",
    "source_method": "readFrom",
    "target_class": "org.elasticsearch.common.io.stream.StreamInput"
  },
  {
    "source_class": "org.elasticsearch.cluster.Entry",
    "source_method": "assertShardsConsistent",
    "target_class": "org.elasticsearch.cluster.State, java.util.Map<java.lang.String,org.elasticsearch.repositories.IndexId>, java.util.Map<org.elasticsearch.index.shard.ShardId,org.elasticsearch.cluster.ShardSnapshotStatus>, java.util.Map<org.elasticsearch.cluster.RepositoryShardId,org.elasticsearch.cluster.ShardSnapshotStatus>, boolean):boolean \t org.elasticsearch.index.shard.ShardId"
  },
  {
    "source_class": "org.elasticsearch.cluster.Entry",
    "source_method": "withUpdatedIndexIds",
    "target_class": "org.elasticsearch.repositories.IndexId"
  },
  {
    "source_class": "org.elasticsearch.cluster.Entry",
    "source_method": "writeShardSnapshotStatus",
    "target_class": "org.elasticsearch.cluster.ToXContent, int, org.elasticsearch.cluster.ShardSnapshotStatus):void \t org.elasticsearch.repositories.ShardSnapshotResult"
  },
  {
    "source_class": "org.elasticsearch.cluster.EntryDiff",
    "source_method": "verifyDiffable",
    "target_class": "org.elasticsearch.cluster.Entry):void \t org.elasticsearch.cluster.Entry"
  },
  {
    "source_class": "org.elasticsearch.cluster.SnapshotInProgressDiff",
    "source_method": "toPositionMap",
    "target_class": "org.elasticsearch.common.util.Maps"
  },
  {
    "source_class": "org.elasticsearch.cluster.SnapshotInProgressDiff",
    "source_method": "toMapByUUID",
    "target_class": "org.elasticsearch.snapshots.SnapshotId"
  },
  {
    "source_class": "org.elasticsearch.xpack.esql.core.util.SourceUtils",
    "source_method": "writeSource",
    "target_class": "org.elasticsearch.xpack.esql.core.tree.Source):void \t org.elasticsearch.common.io.stream.StreamOutput"
  },
  {
    "source_class": "org.elasticsearch.xpack.esql.core.util.SourceUtils",
    "source_method": "readSource",
    "target_class": "org.elasticsearch.common.io.stream.StreamInput"
  },
  {
    "source_class": "org.elasticsearch.xpack.esql.action.ResponseValueUtils",
    "source_method": "pagesToValues",
    "target_class": "java.util.List<org.elasticsearch.xpack.esql.action.Page>):java.util.Iterator<java.util.Iterator<java.lang.Object>> \t org.elasticsearch.common.collect.Iterators"
  },
  {
    "source_class": "org.elasticsearch.xpack.esql.action.ResponseValueUtils",
    "source_method": "valuesForRowsInPages",
    "target_class": "java.util.List<org.elasticsearch.xpack.esql.action.Page>):java.lang.Iterable<java.lang.Iterable<java.lang.Object>> \t org.elasticsearch.common.collect.Iterators"
  },
  {
    "source_class": "org.elasticsearch.xpack.esql.action.ResponseValueUtils",
    "source_method": "valuesForRowsInPage",
    "target_class": "org.elasticsearch.xpack.esql.action.Page, org.elasticsearch.xpack.esql.action.BytesRef):java.util.Iterator<java.lang.Iterable<java.lang.Object>> \t org.elasticsearch.common.collect.Iterators"
  },
  {
    "source_class": "org.elasticsearch.xpack.esql.action.ResponseValueUtils",
    "source_method": "valuesForRow",
    "target_class": "org.elasticsearch.xpack.esql.action.Page, int, org.elasticsearch.xpack.esql.action.BytesRef):java.lang.Iterable<java.lang.Object> \t org.elasticsearch.common.collect.Iterators"
  },
  {
    "source_class": "org.elasticsearch.xpack.esql.action.ResponseValueUtils",
    "source_method": "valuesForColumn",
    "target_class": "org.elasticsearch.xpack.esql.core.type.DataType, java.util.List<org.elasticsearch.xpack.esql.action.Page>):java.util.Iterator<java.lang.Object> \t org.elasticsearch.common.collect.Iterators"
  },
  {
    "source_class": "org.elasticsearch.xpack.esql.action.ResponseValueUtils",
    "source_method": "valueAt",
    "target_class": "org.elasticsearch.xpack.esql.action.Block, int, org.elasticsearch.xpack.esql.action.BytesRef):java.lang.Object \t org.elasticsearch.xpack.esql.core.util.NumericUtils"
  },
  {
    "source_class": "org.elasticsearch.xpack.esql.optimizer.rules.SubstituteSurrogates",
    "source_method": "extractString",
    "target_class": "org.elasticsearch.xpack.esql.core.tree.Node"
  },
  {
    "source_class": "org.elasticsearch.xpack.inference.external.request.openai.OpenAiEmbeddingsRequest",
    "source_method": "buildDefaultUri",
    "target_class": "org.elasticsearch.xpack.inference.external.request.openai.OpenAiUtils"
  }
]