[
  {
    "source_class": "cn.iocoder.yudao.module.crm.framework.permission.core.util.CrmPermissionUtils",
    "source_method": "isCrmAdmin",
    "target_class": "cn.iocoder.yudao.module.crm.framework.permission.core.util.CrmPermissionUtils.SingletonManager"
  },
  {
    "source_class": "cn.iocoder.yudao.module.crm.framework.permission.core.util.CrmPermissionUtils",
    "source_method": "hasPermission",
    "target_class": "java.lang.Long, java.lang.Long, cn.iocoder.yudao.module.crm.framework.permission.core.util.CrmPermissionLevelEnum):boolean \t cn.iocoder.yudao.module.crm.service.permission.CrmPermissionService"
  }
]