[
  {
    "source_class": "org.springframework.expression.spel.support.ReflectionHelper",
    "source_method": "compareArguments",
    "target_class": "java.util.List<org.springframework.expression.spel.support.TypeDescriptor>, org.springframework.expression.TypeConverter):org.springframework.expression.spel.support.ArgumentsMatchInfo \t org.springframework.expression.spel.support.ReflectionHelper.ArgumentsMatchKind"
  },
  {
    "source_class": "org.springframework.expression.spel.support.ReflectionHelper",
    "source_method": "compareArgumentsVarargs",
    "target_class": "java.util.List<org.springframework.expression.spel.support.TypeDescriptor>, org.springframework.expression.TypeConverter):org.springframework.expression.spel.support.ArgumentsMatchInfo \t org.springframework.expression.spel.support.ReflectionHelper.ArgumentsMatchKind"
  },
  {
    "source_class": "org.springframework.expression.spel.support.ReflectionHelper",
    "source_method": "convertAllMethodHandleArguments",
    "target_class": "java.lang.Object[], java.lang.invoke.MethodHandle, java.lang.Integer):boolean \t org.springframework.expression.TypeConverter"
  },
  {
    "source_class": "org.springframework.jdbc.core.namedparam.SqlParameterSourceUtils",
    "source_method": "getTypedValue",
    "target_class": "java.lang.String):java.lang.Object \t org.springframework.jdbc.core.namedparam.SqlParameterSource"
  },
  {
    "source_class": "org.springframework.jdbc.core.namedparam.SqlParameterSourceUtils",
    "source_method": "extractCaseInsensitiveParameterNames",
    "target_class": "org.springframework.jdbc.core.namedparam.SqlParameterSource"
  },
  {
    "source_class": "org.springframework.jdbc.datasource.DataSourceUtils",
    "source_method": "doGetConnection",
    "target_class": "org.springframework.jdbc.datasource.ConnectionHolder"
  },
  {
    "source_class": "org.springframework.jdbc.datasource.DataSourceUtils",
    "source_method": "doReleaseConnection",
    "target_class": "javax.sql.DataSource):void \t org.springframework.jdbc.datasource.ConnectionHolder"
  },
  {
    "source_class": "org.springframework.jdbc.datasource.DataSourceUtils",
    "source_method": "doCloseConnection",
    "target_class": "javax.sql.DataSource):void \t org.springframework.jdbc.datasource.SmartDataSource"
  },
  {
    "source_class": "org.springframework.jdbc.datasource.DataSourceUtils",
    "source_method": "connectionEquals",
    "target_class": "java.sql.Connection):boolean \t org.springframework.jdbc.datasource.ConnectionHolder"
  },
  {
    "source_class": "org.springframework.jdbc.datasource.DataSourceUtils",
    "source_method": "getTargetConnection",
    "target_class": "org.springframework.jdbc.datasource.ConnectionProxy"
  },
  {
    "source_class": "org.springframework.jdbc.datasource.DataSourceUtils",
    "source_method": "getConnectionSynchronizationOrder",
    "target_class": "org.springframework.jdbc.datasource.DelegatingDataSource"
  },
  {
    "source_class": "org.springframework.test.context.support.TestPropertySourceUtils",
    "source_method": "mergeTestPropertySourceAttributes",
    "target_class": "org.springframework.test.context.support.TestPropertySourceAttributes"
  },
  {
    "source_class": "org.springframework.test.context.support.TestPropertySourceUtils",
    "source_method": "duplicationDetected",
    "target_class": "org.springframework.test.context.support.TestPropertySourceAttributes):boolean \t org.springframework.test.context.support.TestPropertySourceAttributes"
  },
  {
    "source_class": "org.springframework.test.context.support.TestPropertySourceUtils",
    "source_method": "mergeLocations",
    "target_class": "org.springframework.test.context.support.TestPropertySourceAttributes"
  },
  {
    "source_class": "org.springframework.test.context.support.TestPropertySourceUtils",
    "source_method": "mergeProperties",
    "target_class": "org.springframework.test.context.support.TestPropertySourceAttributes"
  },
  {
    "source_class": "org.springframework.test.context.support.TestPropertySourceUtils",
    "source_method": "convertInlinedPropertiesToMap",
    "target_class": "org.springframework.test.context.support.TestPropertySourceUtils.SequencedProperties"
  },
  {
    "source_class": "org.springframework.test.context.support.TestPropertySourceUtils",
    "source_method": "findRepeatableAnnotations",
    "target_class": "java.lang.Class<T>, java.util.List<java.util.List<org.springframework.test.context.support.MergedAnnotation<T>>>, int[]):void \t org.springframework.test.context.TestContextAnnotationUtils"
  }
]