[
    {
        "repository": "https://github.com/halo-dev/halo.git",
        "sha1": "0e17d53ede66c57b12f2dec4c92874c7e69ed9ef",
        "url": "https://github.com/halo-dev/halo/commit/0e17d53ede66c57b12f2dec4c92874c7e69ed9ef",
        "move_method_refactoring": {
            "type": "Move Method",
            "description": "Move Method package identityFrom(owner Comment.CommentOwner) : UserIdentity from class run.halo.app.content.comment.CommentNotificationReasonPublisher to public identityFrom(owner Comment.CommentOwner) : UserIdentity from class run.halo.app.content.comment.ReplyNotificationSubscriptionHelper",
            "leftSideLocations": [
                {
                    "filePath": "application/src/main/java/run/halo/app/content/comment/CommentNotificationReasonPublisher.java",
                    "startLine": 227,
                    "endLine": 232,
                    "startColumn": 5,
                    "endColumn": 6,
                    "codeElementType": "METHOD_DECLARATION",
                    "description": "original method declaration",
                    "codeElement": "package identityFrom(owner Comment.CommentOwner) : UserIdentity"
                }
            ],
            "rightSideLocations": [
                {
                    "filePath": "application/src/main/java/run/halo/app/content/comment/ReplyNotificationSubscriptionHelper.java",
                    "startLine": 67,
                    "endLine": 72,
                    "startColumn": 5,
                    "endColumn": 6,
                    "codeElementType": "METHOD_DECLARATION",
                    "description": "moved method declaration",
                    "codeElement": "public identityFrom(owner Comment.CommentOwner) : UserIdentity"
                }
            ],
            "isStatic": true
        },
        "telemetry": {
            "id": "4bdbd01c-ec5c-4a4d-b8ec-5157c55d2247",
            "hostFunctionTelemetryData": {
                "hostFunctionSize": 308,
                "lineStart": 36,
                "lineEnd": 343,
                "bodyLineStart": 36,
                "language": "java",
                "filePath": "/Users/abhiram/Documents/TBE/evaluation_projects/halo/application/src/main/java/run/halo/app/content/comment/CommentNotificationReasonPublisher.java",
                "sourceCode": "/**\n * Notification reason publisher for {@link Comment} and {@link Reply}.\n *\n * @author guqing\n * @since 2.9.0\n */\n@Component\n@RequiredArgsConstructor\npublic class CommentNotificationReasonPublisher {\n    private static final GroupVersionKind POST_GVK = GroupVersionKind.fromExtension(Post.class);\n    private static final GroupVersionKind PAGE_GVK =\n        GroupVersionKind.fromExtension(SinglePage.class);\n\n    private final ExtensionClient client;\n    private final NewCommentOnPostReasonPublisher newCommentOnPostReasonPublisher;\n    private final NewCommentOnPageReasonPublisher newCommentOnPageReasonPublisher;\n    private final NewReplyReasonPublisher newReplyReasonPublisher;\n\n    /**\n     * On new comment.\n     */\n    @Async\n    @EventListener(CommentCreatedEvent.class)\n    public void onNewComment(CommentCreatedEvent event) {\n        Comment comment = event.getComment();\n        if (isPostComment(comment)) {\n            newCommentOnPostReasonPublisher.publishReasonBy(comment);\n        } else if (isPageComment(comment)) {\n            newCommentOnPageReasonPublisher.publishReasonBy(comment);\n        }\n    }\n\n    /**\n     * On new reply.\n     */\n    @Async\n    @EventListener(ReplyCreatedEvent.class)\n    public void onNewReply(ReplyCreatedEvent event) {\n        Reply reply = event.getReply();\n        var commentName = reply.getSpec().getCommentName();\n        client.fetch(Comment.class, commentName)\n            .ifPresent(comment -> newReplyReasonPublisher.publishReasonBy(reply, comment));\n    }\n\n    boolean isPostComment(Comment comment) {\n        return Ref.groupKindEquals(comment.getSpec().getSubjectRef(), POST_GVK);\n    }\n\n    boolean isPageComment(Comment comment) {\n        return Ref.groupKindEquals(comment.getSpec().getSubjectRef(), PAGE_GVK);\n    }\n\n    @Component\n    @RequiredArgsConstructor\n    static class NewCommentOnPostReasonPublisher {\n\n        private final ExtensionClient client;\n        private final NotificationReasonEmitter notificationReasonEmitter;\n        private final ExternalLinkProcessor externalLinkProcessor;\n\n        public void publishReasonBy(Comment comment) {\n            Ref subjectRef = comment.getSpec().getSubjectRef();\n            Post post = client.fetch(Post.class, subjectRef.getName()).orElseThrow();\n            if (doNotEmitReason(comment, post)) {\n                return;\n            }\n\n            String postUrl =\n                externalLinkProcessor.processLink(post.getStatusOrDefault().getPermalink());\n            var reasonSubject = Reason.Subject.builder()\n                .apiVersion(post.getApiVersion())\n                .kind(post.getKind())\n                .name(subjectRef.getName())\n                .title(post.getSpec().getTitle())\n                .url(postUrl)\n                .build();\n            Comment.CommentOwner owner = comment.getSpec().getOwner();\n            notificationReasonEmitter.emit(NotificationReasonConst.NEW_COMMENT_ON_POST,\n                builder -> {\n                    var attributes = CommentOnPostReasonData.builder()\n                        .postName(subjectRef.getName())\n                        .postTitle(post.getSpec().getTitle())\n                        .postUrl(postUrl)\n                        .commenter(owner.getDisplayName())\n                        .content(comment.getSpec().getContent())\n                        .commentName(comment.getMetadata().getName())\n                        .build();\n                    builder.attributes(ReasonDataConverter.toAttributeMap(attributes))\n                        .author(identityFrom(owner))\n                        .subject(reasonSubject);\n                }).block();\n        }\n\n        boolean doNotEmitReason(Comment comment, Post post) {\n            Comment.CommentOwner commentOwner = comment.getSpec().getOwner();\n            return isPostOwner(post, commentOwner);\n        }\n\n        boolean isPostOwner(Post post, Comment.CommentOwner commentOwner) {\n            String kind = commentOwner.getKind();\n            String name = commentOwner.getName();\n            var postOwner = post.getSpec().getOwner();\n            if (Comment.CommentOwner.KIND_EMAIL.equals(kind)) {\n                return client.fetch(User.class, postOwner)\n                    .filter(user -> name.equals(user.getSpec().getEmail()))\n                    .isPresent();\n            }\n            return name.equals(postOwner);\n        }\n\n        @Builder\n        record CommentOnPostReasonData(String postName, String postTitle, String postUrl,\n                                       String commenter, String content, String commentName) {\n        }\n    }\n\n    @Component\n    @RequiredArgsConstructor\n    static class NewCommentOnPageReasonPublisher {\n        private final ExtensionClient client;\n        private final NotificationReasonEmitter notificationReasonEmitter;\n        private final ExternalLinkProcessor externalLinkProcessor;\n\n        public void publishReasonBy(Comment comment) {\n            Ref subjectRef = comment.getSpec().getSubjectRef();\n            var singlePage = client.fetch(SinglePage.class, subjectRef.getName()).orElseThrow();\n\n            if (doNotEmitReason(comment, singlePage)) {\n                return;\n            }\n\n            var pageUrl = externalLinkProcessor\n                .processLink(singlePage.getStatusOrDefault().getPermalink());\n\n            var reasonSubject = Reason.Subject.builder()\n                .apiVersion(singlePage.getApiVersion())\n                .kind(singlePage.getKind())\n                .name(subjectRef.getName())\n                .title(singlePage.getSpec().getTitle())\n                .url(pageUrl)\n                .build();\n\n            Comment.CommentOwner owner = comment.getSpec().getOwner();\n            notificationReasonEmitter.emit(NotificationReasonConst.NEW_COMMENT_ON_PAGE,\n                builder -> {\n                    var attributes = CommentOnPageReasonData.builder()\n                        .pageName(subjectRef.getName())\n                        .pageTitle(singlePage.getSpec().getTitle())\n                        .pageUrl(pageUrl)\n                        .commenter(defaultIfBlank(owner.getDisplayName(), owner.getName()))\n                        .content(comment.getSpec().getContent())\n                        .commentName(comment.getMetadata().getName())\n                        .build();\n                    builder.attributes(ReasonDataConverter.toAttributeMap(attributes))\n                        .author(identityFrom(owner))\n                        .subject(reasonSubject);\n                }).block();\n        }\n\n        public boolean doNotEmitReason(Comment comment, SinglePage page) {\n            Comment.CommentOwner commentOwner = comment.getSpec().getOwner();\n            return isPageOwner(page, commentOwner);\n        }\n\n        boolean isPageOwner(SinglePage page, Comment.CommentOwner commentOwner) {\n            String kind = commentOwner.getKind();\n            String name = commentOwner.getName();\n            var pageOwner = page.getSpec().getOwner();\n            if (Comment.CommentOwner.KIND_EMAIL.equals(kind)) {\n                return client.fetch(User.class, pageOwner)\n                    .filter(user -> name.equals(user.getSpec().getEmail()))\n                    .isPresent();\n            }\n            return name.equals(pageOwner);\n        }\n\n        @Builder\n        record CommentOnPageReasonData(String pageName, String pageTitle, String pageUrl,\n                                       String commenter, String content, String commentName) {\n        }\n    }\n\n    @UtilityClass\n    static class ReasonDataConverter {\n        public static <T> Map<String, Object> toAttributeMap(T data) {\n            Assert.notNull(data, \"Reason attributes must not be null\");\n            return JsonUtils.mapper().convertValue(data, new TypeReference<>() {\n            });\n        }\n    }\n\n    static UserIdentity identityFrom(Comment.CommentOwner owner) {\n        if (Comment.CommentOwner.KIND_EMAIL.equals(owner.getKind())) {\n            return UserIdentity.anonymousWithEmail(owner.getName());\n        }\n        return UserIdentity.of(owner.getName());\n    }\n\n    @Component\n    @RequiredArgsConstructor\n    static class NewReplyReasonPublisher {\n        private final ExtensionClient client;\n        private final NotificationReasonEmitter notificationReasonEmitter;\n        private final ExtensionComponentsFinder extensionComponentsFinder;\n\n        public void publishReasonBy(Reply reply, Comment comment) {\n            boolean isQuoteReply = StringUtils.isNotBlank(reply.getSpec().getQuoteReply());\n\n            Optional<Reply> quoteReplyOptional = Optional.of(isQuoteReply)\n                .filter(Boolean::booleanValue)\n                .flatMap(isQuote -> client.fetch(Reply.class, reply.getSpec().getQuoteReply()));\n\n            if (doNotEmitReason(reply, quoteReplyOptional.orElse(null), comment)) {\n                return;\n            }\n\n            var reasonSubject = quoteReplyOptional\n                .map(quoteReply -> Subscription.ReasonSubject.builder()\n                    .apiVersion(quoteReply.getApiVersion())\n                    .kind(quoteReply.getKind())\n                    .name(quoteReply.getMetadata().getName())\n                    .build()\n                )\n                .orElseGet(() -> Subscription.ReasonSubject.builder()\n                    .apiVersion(comment.getApiVersion())\n                    .kind(comment.getKind())\n                    .name(comment.getMetadata().getName())\n                    .build()\n                );\n\n            var reasonSubjectTitle = quoteReplyOptional\n                .map(quoteReply -> quoteReply.getSpec().getContent())\n                .orElse(comment.getSpec().getContent());\n\n            var quoteReplyContent = quoteReplyOptional\n                .map(quoteReply -> quoteReply.getSpec().getContent())\n                .orElse(null);\n            var replyOwner = reply.getSpec().getOwner();\n\n            var reasonAttributesBuilder = NewReplyReasonData.builder()\n                .commentContent(comment.getSpec().getContent())\n                .isQuoteReply(isQuoteReply)\n                .quoteContent(quoteReplyContent)\n                .commentName(comment.getMetadata().getName())\n                .replier(defaultIfBlank(replyOwner.getDisplayName(), replyOwner.getName()))\n                .content(reply.getSpec().getContent())\n                .replyName(reply.getMetadata().getName());\n\n            getCommentSubjectDisplay(comment.getSpec().getSubjectRef())\n                .ifPresent(subject -> {\n                    reasonAttributesBuilder.commentSubjectTitle(subject.title());\n                    reasonAttributesBuilder.commentSubjectUrl(subject.url());\n                });\n\n            notificationReasonEmitter.emit(NotificationReasonConst.SOMEONE_REPLIED_TO_YOU,\n                builder -> {\n                    var data = ReasonDataConverter.toAttributeMap(reasonAttributesBuilder.build());\n                    builder.attributes(data)\n                        .author(identityFrom(replyOwner))\n                        .subject(Reason.Subject.builder()\n                            .apiVersion(reasonSubject.getApiVersion())\n                            .kind(reasonSubject.getKind())\n                            .name(reasonSubject.getName())\n                            .title(reasonSubjectTitle)\n                            .build());\n                }).block();\n        }\n\n        /**\n         * To be compatible with older versions, it may be empty, so use optional.\n         * TODO use {@link ExtensionGetter} instead of {@code extensionComponentsFinder}\n         */\n        @SuppressWarnings(\"unchecked\")\n        Optional<CommentSubject.SubjectDisplay> getCommentSubjectDisplay(Ref ref) {\n            return extensionComponentsFinder.getExtensions(CommentSubject.class)\n                .stream()\n                .filter(commentSubject -> commentSubject.supports(ref))\n                .findFirst()\n                .flatMap(commentSubject\n                    -> commentSubject.getSubjectDisplay(ref.getName()).blockOptional());\n        }\n\n        boolean doNotEmitReason(Reply currentReply, Reply quoteReply, Comment comment) {\n            boolean isQuoteReply = StringUtils.isNotBlank(currentReply.getSpec().getQuoteReply());\n\n            if (isQuoteReply && quoteReply == null) {\n                throw new IllegalArgumentException(\n                    \"quoteReply can not be null when currentReply is reply to quote\");\n            }\n\n            Comment.CommentOwner commentOwner = isQuoteReply ? quoteReply.getSpec().getOwner()\n                : comment.getSpec().getOwner();\n\n            var currentReplyOwner = currentReply.getSpec().getOwner();\n            // reply to oneself do not emit reason\n            return currentReplyOwner.getKind().equals(commentOwner.getKind())\n                && currentReplyOwner.getName().equals(commentOwner.getName());\n        }\n\n        @Builder\n        record NewReplyReasonData(String commentContent, String commentSubjectTitle,\n                                  String commentSubjectUrl, boolean isQuoteReply,\n                                  String quoteContent,\n                                  String commentName, String replier, String content,\n                                  String replyName) {\n        }\n    }\n}"
            },
            "candidatesTelemetryData": {
                "numberOfSuggestions": 4,
                "candidates": [
                    {
                        "lineStart": 317,
                        "lineEnd": 332,
                        "refactoringType": "MyMoveMethodRefactoring",
                        "refactoringInfo": "Move method doNotEmitReason to class Reply",
                        "description": "Move method to run.halo.app.core.extension.content.Reply\nRationale: The method doNotEmitReason() directly operates on instances of the Reply class, checking properties of currentReply and quoteReply, making it logical for this method to reside within the Reply class.",
                        "couldCreateRefObject": true,
                        "applied": false,
                        "undone": false
                    },
                    {
                        "lineStart": 133,
                        "lineEnd": 143,
                        "refactoringType": "MyMoveMethodRefactoring",
                        "refactoringInfo": "Move method isPostOwner to class CommentOwner",
                        "description": "Move method to run.halo.app.core.extension.content.Comment.CommentOwner\nRationale: The method isPostOwner directly involves the properties and behavior of CommentOwner, specifically checking if the owner of a post matches the details of a CommentOwner instance.",
                        "couldCreateRefObject": true,
                        "applied": false,
                        "undone": false
                    },
                    {
                        "lineStart": 199,
                        "lineEnd": 209,
                        "refactoringType": "MyMoveMethodRefactoring",
                        "refactoringInfo": "Move method isPageOwner to class SinglePage",
                        "description": "Move method to run.halo.app.core.extension.content.SinglePage\nRationale: The isPageOwner() method directly interacts with the SinglePage instance and its owner, making it more appropriate to reside within the SinglePage class.",
                        "couldCreateRefObject": true,
                        "applied": false,
                        "undone": false
                    },
                    {
                        "lineStart": 303,
                        "lineEnd": 315,
                        "refactoringType": "MyMoveMethodRefactoring",
                        "refactoringInfo": "Move method getCommentSubjectDisplay to class ExtensionComponentsFinder",
                        "description": "Move method to run.halo.app.plugin.ExtensionComponentsFinder\nRationale: The method directly interacts with the extensionComponentsFinder to retrieve extensions and filter them based on their compatibility with the provided Ref, making it a natural fit for the ExtensionComponentsFinder class.",
                        "couldCreateRefObject": true,
                        "applied": false,
                        "undone": false
                    }
                ]
            },
            "elapsedTime": [
                {
                    "candidateIndex": 0,
                    "elapsedTime": 2751
                },
                {
                    "candidateIndex": 1,
                    "elapsedTime": 482
                },
                {
                    "candidateIndex": 2,
                    "elapsedTime": 2768
                },
                {
                    "candidateIndex": 3,
                    "elapsedTime": 1570
                }
            ],
            "processingTime": {
                "llmResponseTime": -1,
                "pluginProcessingTime": -1,
                "totalTime": 22057
            },
            "iterationData": [
                {
                    "iteration_num": 1,
                    "suggested_move_methods": [
                        {
                            "method_name": "doNotEmitReason",
                            "method_signature": "public boolean doNotEmitReason(Comment comment, Post post)",
                            "target_class": "Post",
                            "rationale": "The method doNotEmitReason() checks if a comment owner is the post owner, which is directly related to the Post class. It would be more appropriate for this logic to reside within the Post class."
                        },
                        {
                            "method_name": "doNotEmitReason",
                            "method_signature": "public boolean doNotEmitReason(Comment comment, SinglePage page)",
                            "target_class": "SinglePage",
                            "rationale": "Similar to the previous method, this method checks if a comment owner is the page owner, which is directly related to the SinglePage class. Moving it to the SinglePage class would enhance cohesion."
                        },
                        {
                            "method_name": "isPostOwner",
                            "method_signature": "boolean isPostOwner(Post post, Comment.CommentOwner commentOwner)",
                            "target_class": "Post",
                            "rationale": "The isPostOwner() method determines if a comment owner is the owner of a post, which is a responsibility that belongs to the Post class."
                        },
                        {
                            "method_name": "isPageOwner",
                            "method_signature": "boolean isPageOwner(SinglePage page, Comment.CommentOwner commentOwner)",
                            "target_class": "SinglePage",
                            "rationale": "The isPageOwner() method checks if a comment owner is the owner of a page, which is a responsibility that belongs to the SinglePage class."
                        },
                        {
                            "method_name": "getCommentSubjectDisplay",
                            "method_signature": "Optional<CommentSubject.SubjectDisplay> getCommentSubjectDisplay(Ref ref)",
                            "target_class": "CommentSubject",
                            "rationale": "The getCommentSubjectDisplay() method is responsible for retrieving the display of a comment subject, which is more aligned with the responsibilities of the CommentSubject class."
                        }
                    ],
                    "llm_response_time": 3610
                },
                {
                    "iteration_num": 2,
                    "suggested_move_methods": [
                        {
                            "method_name": "doNotEmitReason",
                            "method_signature": "public boolean doNotEmitReason(Comment comment, Post post)",
                            "target_class": "Post",
                            "rationale": "The method doNotEmitReason() checks if a comment owner is the post owner, which is directly related to the Post class. It would be more appropriate for this logic to reside within the Post class."
                        },
                        {
                            "method_name": "doNotEmitReason",
                            "method_signature": "public boolean doNotEmitReason(Comment comment, SinglePage page)",
                            "target_class": "SinglePage",
                            "rationale": "Similar to the previous method, this method checks if a comment owner is the page owner, which is directly related to the SinglePage class. Moving it to the SinglePage class would encapsulate the logic better."
                        },
                        {
                            "method_name": "isPostOwner",
                            "method_signature": "boolean isPostOwner(Post post, Comment.CommentOwner commentOwner)",
                            "target_class": "Post",
                            "rationale": "The isPostOwner() method determines if a comment owner is the owner of a post, which is a responsibility that belongs to the Post class."
                        },
                        {
                            "method_name": "isPageOwner",
                            "method_signature": "boolean isPageOwner(SinglePage page, Comment.CommentOwner commentOwner)",
                            "target_class": "SinglePage",
                            "rationale": "The isPageOwner() method determines if a comment owner is the owner of a page, which is a responsibility that belongs to the SinglePage class."
                        },
                        {
                            "method_name": "getCommentSubjectDisplay",
                            "method_signature": "Optional<CommentSubject.SubjectDisplay> getCommentSubjectDisplay(Ref ref)",
                            "target_class": "CommentSubject",
                            "rationale": "The getCommentSubjectDisplay() method is responsible for fetching the display of a comment subject, which is more aligned with the responsibilities of the CommentSubject class."
                        }
                    ],
                    "llm_response_time": 3640
                },
                {
                    "iteration_num": 3,
                    "suggested_move_methods": [
                        {
                            "method_name": "doNotEmitReason",
                            "method_signature": "public boolean doNotEmitReason(Comment comment, Post post)",
                            "target_class": "Post",
                            "rationale": "The method doNotEmitReason() checks if a comment owner is the post owner, which is directly related to the Post class. It would be more appropriate for this logic to reside within the Post class."
                        },
                        {
                            "method_name": "doNotEmitReason",
                            "method_signature": "public boolean doNotEmitReason(Comment comment, SinglePage page)",
                            "target_class": "SinglePage",
                            "rationale": "Similar to the previous method, this method checks if a comment owner is the page owner, which is directly related to the SinglePage class. Moving it to the SinglePage class would encapsulate the logic better."
                        },
                        {
                            "method_name": "isPostOwner",
                            "method_signature": "boolean isPostOwner(Post post, Comment.CommentOwner commentOwner)",
                            "target_class": "Post",
                            "rationale": "The isPostOwner() method determines if a comment owner is the owner of a post, which is a responsibility that belongs to the Post class."
                        },
                        {
                            "method_name": "isPageOwner",
                            "method_signature": "boolean isPageOwner(SinglePage page, Comment.CommentOwner commentOwner)",
                            "target_class": "SinglePage",
                            "rationale": "The isPageOwner() method determines if a comment owner is the owner of a page, which is a responsibility that belongs to the SinglePage class."
                        },
                        {
                            "method_name": "getCommentSubjectDisplay",
                            "method_signature": "Optional<CommentSubject.SubjectDisplay> getCommentSubjectDisplay(Ref ref)",
                            "target_class": "CommentSubject",
                            "rationale": "The getCommentSubjectDisplay() method retrieves the display information for a comment subject, which is more aligned with the responsibilities of the CommentSubject class."
                        }
                    ],
                    "llm_response_time": 3403
                },
                {
                    "iteration_num": -1,
                    "suggested_move_methods": [
                        {
                            "method_name": "doNotEmitReason",
                            "method_signature": "public boolean doNotEmitReason(Comment comment, Post post)",
                            "target_class": "Post",
                            "rationale": "The method doNotEmitReason() checks if a comment owner is the post owner, which is directly related to the Post class. It would be more appropriate for this logic to reside within the Post class."
                        },
                        {
                            "method_name": "isPostOwner",
                            "method_signature": "boolean isPostOwner(Post post, Comment.CommentOwner commentOwner)",
                            "target_class": "Post",
                            "rationale": "The isPostOwner() method determines if a comment owner is the owner of a post, which is a responsibility that belongs to the Post class."
                        },
                        {
                            "method_name": "isPageOwner",
                            "method_signature": "boolean isPageOwner(SinglePage page, Comment.CommentOwner commentOwner)",
                            "target_class": "SinglePage",
                            "rationale": "The isPageOwner() method checks if a comment owner is the owner of a page, which is a responsibility that belongs to the SinglePage class."
                        },
                        {
                            "method_name": "getCommentSubjectDisplay",
                            "method_signature": "Optional<CommentSubject.SubjectDisplay> getCommentSubjectDisplay(Ref ref)",
                            "target_class": "CommentSubject",
                            "rationale": "The getCommentSubjectDisplay() method is responsible for retrieving the display of a comment subject, which is more aligned with the responsibilities of the CommentSubject class."
                        }
                    ],
                    "llm_response_time": 0
                }
            ],
            "llmMethodPriority": {
                "priority_method_names": [
                    "doNotEmitReason",
                    "isPostOwner",
                    "isPageOwner",
                    "getCommentSubjectDisplay"
                ],
                "llm_response_time": 665
            },
            "targetClassMap": {
                "doNotEmitReason": {
                    "target_classes": [
                        {
                            "class_name": "Reply",
                            "similarity_score": 0.35343103260705416
                        },
                        {
                            "class_name": "Reply",
                            "similarity_score": 0.35343103260705416
                        },
                        {
                            "class_name": "Comment",
                            "similarity_score": 0.3505805338152484
                        },
                        {
                            "class_name": "ExtensionClient",
                            "similarity_score": 0.06325710595772523
                        },
                        {
                            "class_name": "NotificationReasonEmitter",
                            "similarity_score": 0.1760693879379031
                        },
                        {
                            "class_name": "ExtensionComponentsFinder",
                            "similarity_score": 0.249083207174395
                        }
                    ],
                    "target_classes_sorted_by_llm": [
                        "Reply",
                        "Reply",
                        "Comment",
                        "NotificationReasonEmitter",
                        "ExtensionComponentsFinder"
                    ],
                    "llm_response_time": 1728,
                    "similarity_computation_time": 6,
                    "similarity_metric": "cosine"
                },
                "isPostOwner": {
                    "target_classes": [
                        {
                            "class_name": "Post",
                            "similarity_score": 0.5368410826823183
                        },
                        {
                            "class_name": "CommentOwner",
                            "similarity_score": 0.4760108052225164
                        },
                        {
                            "class_name": "ExtensionClient",
                            "similarity_score": 0.0255641187916232
                        },
                        {
                            "class_name": "NotificationReasonEmitter",
                            "similarity_score": 0.05038726572387011
                        },
                        {
                            "class_name": "ExternalLinkProcessor",
                            "similarity_score": 0.08512565307587486
                        }
                    ],
                    "target_classes_sorted_by_llm": [
                        "CommentOwner",
                        "Post",
                        "ExtensionClient",
                        "ExternalLinkProcessor",
                        "NotificationReasonEmitter"
                    ],
                    "llm_response_time": 2311,
                    "similarity_computation_time": 2,
                    "similarity_metric": "cosine"
                },
                "isPageOwner": {
                    "target_classes": [
                        {
                            "class_name": "SinglePage",
                            "similarity_score": 0.5029412603703396
                        },
                        {
                            "class_name": "CommentOwner",
                            "similarity_score": 0.4760108052225164
                        },
                        {
                            "class_name": "ExtensionClient",
                            "similarity_score": 0.027888129590861673
                        },
                        {
                            "class_name": "NotificationReasonEmitter",
                            "similarity_score": 0.05038726572387011
                        },
                        {
                            "class_name": "ExternalLinkProcessor",
                            "similarity_score": 0.08512565307587486
                        }
                    ],
                    "target_classes_sorted_by_llm": [
                        "SinglePage",
                        "CommentOwner",
                        "ExtensionClient",
                        "ExternalLinkProcessor",
                        "NotificationReasonEmitter"
                    ],
                    "llm_response_time": 1463,
                    "similarity_computation_time": 2,
                    "similarity_metric": "cosine"
                },
                "getCommentSubjectDisplay": {
                    "target_classes": [
                        {
                            "class_name": "Ref",
                            "similarity_score": 0.20864306578602723
                        },
                        {
                            "class_name": "ExtensionClient",
                            "similarity_score": 0.2837197462460762
                        },
                        {
                            "class_name": "NotificationReasonEmitter",
                            "similarity_score": 0.39056350067051926
                        },
                        {
                            "class_name": "ExtensionComponentsFinder",
                            "similarity_score": 0.3131500502876495
                        }
                    ],
                    "target_classes_sorted_by_llm": [
                        "ExtensionComponentsFinder",
                        "Ref",
                        "NotificationReasonEmitter",
                        "ExtensionClient"
                    ],
                    "llm_response_time": 5100,
                    "similarity_computation_time": 2,
                    "similarity_metric": "cosine"
                }
            }
        }
    },
    {
        "repository": "https://github.com/halo-dev/halo.git",
        "sha1": "f61f846a7f571f46e15930e4a0ce952a9c58932b",
        "url": "https://github.com/halo-dev/halo/commit/f61f846a7f571f46e15930e4a0ce952a9c58932b",
        "move_method_refactoring": {
            "type": "Move Method",
            "description": "Move Method public buildParameters(builder Builder) : void from class run.halo.app.core.extension.attachment.endpoint.AttachmentEndpoint.ISearchRequest to public buildParameters(builder Builder) : void from class run.halo.app.core.extension.attachment.endpoint.AttachmentEndpoint.SearchRequest",
            "leftSideLocations": [
                {
                    "filePath": "application/src/main/java/run/halo/app/core/extension/attachment/endpoint/AttachmentEndpoint.java",
                    "startLine": 188,
                    "endLine": 220,
                    "startColumn": 9,
                    "endColumn": 10,
                    "codeElementType": "METHOD_DECLARATION",
                    "description": "original method declaration",
                    "codeElement": "public buildParameters(builder Builder) : void"
                }
            ],
            "rightSideLocations": [
                {
                    "filePath": "application/src/main/java/run/halo/app/core/extension/attachment/endpoint/AttachmentEndpoint.java",
                    "startLine": 205,
                    "endLine": 237,
                    "startColumn": 9,
                    "endColumn": 10,
                    "codeElementType": "METHOD_DECLARATION",
                    "description": "moved method declaration",
                    "codeElement": "public buildParameters(builder Builder) : void"
                }
            ],
            "isStatic": true
        },
        "telemetry": {
            "id": "e0d57abd-2a8d-4abd-bf97-45e316c311b2",
            "hostFunctionTelemetryData": {
                "hostFunctionSize": 288,
                "lineStart": 65,
                "lineEnd": 352,
                "bodyLineStart": 65,
                "language": "java",
                "filePath": "/Users/abhiram/Documents/TBE/evaluation_projects/halo/application/src/main/java/run/halo/app/core/extension/attachment/endpoint/AttachmentEndpoint.java",
                "sourceCode": "@Slf4j\n@Component\n@RequiredArgsConstructor\npublic class AttachmentEndpoint implements CustomEndpoint {\n\n    private final AttachmentService attachmentService;\n\n    private final ReactiveExtensionClient client;\n\n    @Override\n    public RouterFunction<ServerResponse> endpoint() {\n        var tag = \"AttachmentV1alpha1Console\";\n        return SpringdocRouteBuilder.route()\n            .POST(\"/attachments/upload\", contentType(MediaType.MULTIPART_FORM_DATA),\n                request -> request.body(BodyExtractors.toMultipartData())\n                    .map(UploadRequest::new)\n                    .flatMap(uploadReq -> {\n                        var policyName = uploadReq.getPolicyName();\n                        var groupName = uploadReq.getGroupName();\n                        var filePart = uploadReq.getFile();\n                        return attachmentService.upload(policyName,\n                            groupName,\n                            filePart.filename(),\n                            filePart.content(),\n                            filePart.headers().getContentType());\n                    })\n                    .flatMap(attachment -> ServerResponse.ok().bodyValue(attachment)),\n                builder -> builder\n                    .operationId(\"UploadAttachment\")\n                    .tag(tag)\n                    .requestBody(requestBodyBuilder()\n                        .required(true)\n                        .content(contentBuilder()\n                            .mediaType(MediaType.MULTIPART_FORM_DATA_VALUE)\n                            .schema(schemaBuilder().implementation(IUploadRequest.class))\n                        ))\n                    .response(responseBuilder().implementation(Attachment.class))\n                    .build())\n            .POST(\"/attachments/-/upload-from-url\", contentType(MediaType.APPLICATION_JSON),\n                request -> request.bodyToMono(UploadFromUrlRequest.class)\n                    .flatMap(uploadFromUrlRequest -> {\n                        var url = uploadFromUrlRequest.url();\n                        var policyName = uploadFromUrlRequest.policyName();\n                        var groupName = uploadFromUrlRequest.groupName();\n                        var fileName = uploadFromUrlRequest.filename();\n                        return attachmentService.uploadFromUrl(url, policyName,\n                            groupName, fileName);\n                    })\n                    .flatMap(attachment -> ServerResponse.ok().bodyValue(attachment)),\n                builder -> builder\n                    .operationId(\"ExternalTransferAttachment\")\n                    .tag(tag)\n                    .requestBody(requestBodyBuilder()\n                        .required(true)\n                        .content(contentBuilder()\n                            .mediaType(MediaType.APPLICATION_JSON_VALUE)\n                            .schema(schemaBuilder().implementation(UploadFromUrlRequest.class))\n                        ))\n                    .response(responseBuilder().implementation(Attachment.class))\n                    .build()\n            )\n            .GET(\"/attachments\", this::search,\n                builder -> {\n                    builder\n                        .operationId(\"SearchAttachments\")\n                        .tag(tag)\n                        .response(\n                            responseBuilder().implementation(generateGenericClass(Attachment.class))\n                        );\n                    ISearchRequest.buildParameters(builder);\n                }\n            )\n            .build();\n    }\n\n    Mono<ServerResponse> search(ServerRequest request) {\n        var searchRequest = new SearchRequest(request);\n        var groupListOptions = new ListOptions();\n        groupListOptions.setLabelSelector(LabelSelector.builder()\n            .exists(Group.HIDDEN_LABEL)\n            .build());\n        return client.listAll(Group.class, groupListOptions, Sort.unsorted())\n            .map(group -> group.getMetadata().getName())\n            .collectList()\n            .defaultIfEmpty(List.of())\n            .flatMap(hiddenGroups -> client.listBy(Attachment.class,\n                        searchRequest.toListOptions(hiddenGroups),\n                        PageRequestImpl.of(searchRequest.getPage(), searchRequest.getSize(),\n                            searchRequest.getSort())\n                    )\n                    .flatMap(listResult -> ServerResponse.ok()\n                        .contentType(MediaType.APPLICATION_JSON)\n                        .bodyValue(listResult)\n                    )\n            );\n    }\n\n    public interface ISearchRequest extends IListRequest {\n\n        @Schema(description = \"Keyword for searching.\")\n        Optional<String> getKeyword();\n\n        @Schema(description = \"Filter attachments without group. This parameter will ignore group\"\n            + \" parameter.\")\n        Optional<Boolean> getUngrouped();\n\n        @ArraySchema(uniqueItems = true,\n            arraySchema = @Schema(name = \"accepts\",\n                description = \"Acceptable media types.\"),\n            schema = @Schema(description = \"like image/*, video/mp4, text/*\",\n                implementation = String.class,\n                example = \"image/*\"))\n        List<String> getAccepts();\n\n        @ArraySchema(uniqueItems = true,\n            arraySchema = @Schema(name = \"sort\",\n                description = \"Sort property and direction of the list result. Supported fields: \"\n                    + \"creationTimestamp, size\"),\n            schema = @Schema(description = \"like field,asc or field,desc\",\n                implementation = String.class,\n                example = \"creationTimestamp,desc\"))\n        Sort getSort();\n\n        static void buildParameters(Builder builder) {\n            IListRequest.buildParameters(builder);\n            builder.parameter(QueryParamBuildUtil.sortParameter())\n                .parameter(parameterBuilder()\n                    .in(ParameterIn.QUERY)\n                    .name(\"ungrouped\")\n                    .required(false)\n                    .description(\"\"\"\n                        Filter attachments without group. This parameter will ignore group \\\n                        parameter.\\\n                        \"\"\")\n                    .implementation(Boolean.class))\n                .parameter(parameterBuilder()\n                    .in(ParameterIn.QUERY)\n                    .name(\"keyword\")\n                    .required(false)\n                    .description(\"Keyword for searching.\")\n                    .implementation(String.class))\n                .parameter(parameterBuilder()\n                    .in(ParameterIn.QUERY)\n                    .name(\"accepts\")\n                    .required(false)\n                    .description(\"Acceptable media types.\")\n                    .array(\n                        arraySchemaBuilder()\n                            .uniqueItems(true)\n                            .schema(schemaBuilder()\n                                .implementation(String.class)\n                                .example(\"image/*\"))\n                    )\n                    .implementationArray(String.class)\n                );\n        }\n    }\n\n    public static class SearchRequest extends QueryListRequest implements ISearchRequest {\n\n        private final ServerWebExchange exchange;\n\n        public SearchRequest(ServerRequest request) {\n            super(request.queryParams());\n            this.exchange = request.exchange();\n        }\n\n        @Override\n        public Optional<String> getKeyword() {\n            return Optional.ofNullable(queryParams.getFirst(\"keyword\"))\n                .filter(StringUtils::hasText);\n        }\n\n        @Override\n        public Optional<Boolean> getUngrouped() {\n            return Optional.ofNullable(queryParams.getFirst(\"ungrouped\"))\n                .map(ungroupedStr -> getSharedInstance().convert(ungroupedStr, Boolean.class));\n        }\n\n        @Override\n        public List<String> getAccepts() {\n            return queryParams.getOrDefault(\"accepts\", Collections.emptyList());\n        }\n\n        @Override\n        public Sort getSort() {\n            var sort = SortResolver.defaultInstance.resolve(exchange);\n            sort = sort.and(Sort.by(\n                Sort.Order.desc(\"metadata.creationTimestamp\"),\n                Sort.Order.asc(\"metadata.name\")\n            ));\n            return sort;\n        }\n\n        public ListOptions toListOptions(List<String> hiddenGroups) {\n            final var listOptions =\n                labelAndFieldSelectorToListOptions(getLabelSelector(), getFieldSelector());\n\n            var fieldQuery = all();\n            if (getKeyword().isPresent()) {\n                fieldQuery = and(fieldQuery, contains(\"spec.displayName\", getKeyword().get()));\n            }\n\n            if (getUngrouped().isPresent() && BooleanUtils.isTrue(getUngrouped().get())) {\n                fieldQuery = and(fieldQuery, isNull(\"spec.groupName\"));\n            }\n\n            if (!hiddenGroups.isEmpty()) {\n                fieldQuery = and(fieldQuery, not(in(\"spec.groupName\", hiddenGroups)));\n            }\n\n            if (hasAccepts()) {\n                var acceptFieldQueryOptional = getAccepts().stream()\n                    .filter(StringUtils::hasText)\n                    .map((accept -> accept.replace(\"/*\", \"/\").toLowerCase()))\n                    .distinct()\n                    .map(accept -> startsWith(\"spec.mediaType\", accept))\n                    .reduce(QueryFactory::or);\n                if (acceptFieldQueryOptional.isPresent()) {\n                    fieldQuery = and(fieldQuery, acceptFieldQueryOptional.get());\n                }\n            }\n\n            listOptions.setFieldSelector(listOptions.getFieldSelector().andQuery(fieldQuery));\n            return listOptions;\n        }\n\n        private boolean hasAccepts() {\n            return !CollectionUtils.isEmpty(getAccepts())\n                && !getAccepts().contains(\"*\")\n                && !getAccepts().contains(\"*/*\");\n        }\n    }\n\n    public record UploadFromUrlRequest(@Schema(requiredMode = REQUIRED) URL url,\n                                       @Schema(requiredMode = REQUIRED) String policyName,\n                                       String groupName,\n                                       String filename) {\n        public UploadFromUrlRequest {\n            if (Objects.isNull(url)) {\n                throw new ServerWebInputException(\"Required url is missing.\");\n            }\n\n            if (!StringUtils.hasText(policyName)) {\n                throw new ServerWebInputException(\"Policy name must not be blank\");\n            }\n        }\n    }\n\n    @Schema(types = \"object\")\n    public interface IUploadRequest {\n\n        @Schema(requiredMode = REQUIRED, description = \"Attachment file\")\n        FilePart getFile();\n\n        @Schema(requiredMode = REQUIRED, description = \"Storage policy name\")\n        String getPolicyName();\n\n        @Schema(description = \"The name of the group to which the attachment belongs\")\n        String getGroupName();\n\n    }\n\n    public record UploadRequest(MultiValueMap<String, Part> formData) implements IUploadRequest {\n\n        public FilePart getFile() {\n            if (formData.getFirst(\"file\") instanceof FilePart file) {\n                return file;\n            }\n            throw new ServerWebInputException(\"Invalid part of file\");\n        }\n\n        public String getPolicyName() {\n            if (formData.getFirst(\"policyName\") instanceof FormFieldPart form) {\n                return form.value();\n            }\n            throw new ServerWebInputException(\"Invalid part of policyName\");\n        }\n\n        @Override\n        public String getGroupName() {\n            if (formData.getFirst(\"groupName\") instanceof FormFieldPart form) {\n                return form.value();\n            }\n            return null;\n        }\n    }\n}"
            },
            "candidatesTelemetryData": {
                "numberOfSuggestions": 0,
                "candidates": []
            },
            "processingTime": {
                "llmResponseTime": -1,
                "pluginProcessingTime": -1,
                "totalTime": 17901
            },
            "iterationData": [
                {
                    "iteration_num": 1,
                    "suggested_move_methods": [
                        {
                            "method_name": "toListOptions",
                            "method_signature": "public ListOptions toListOptions(List<String> hiddenGroups)",
                            "target_class": "SearchRequest",
                            "rationale": "The toListOptions method is closely related to the SearchRequest class, as it processes search parameters and constructs list options based on them. Moving it to SearchRequest will enhance cohesion."
                        },
                        {
                            "method_name": "getKeyword",
                            "method_signature": "public Optional<String> getKeyword()",
                            "target_class": "SearchRequest",
                            "rationale": "The getKeyword method is specific to the search functionality and should reside in the SearchRequest class to maintain a clear separation of concerns."
                        },
                        {
                            "method_name": "getUngrouped",
                            "method_signature": "public Optional<Boolean> getUngrouped()",
                            "target_class": "SearchRequest",
                            "rationale": "The getUngrouped method is part of the search request parameters and should be moved to the SearchRequest class for better organization and clarity."
                        },
                        {
                            "method_name": "getAccepts",
                            "method_signature": "public List<String> getAccepts()",
                            "target_class": "SearchRequest",
                            "rationale": "The getAccepts method is related to the search functionality and should be part of the SearchRequest class to encapsulate all search-related logic."
                        },
                        {
                            "method_name": "getSort",
                            "method_signature": "public Sort getSort()",
                            "target_class": "SearchRequest",
                            "rationale": "The getSort method is directly related to sorting search results and should be moved to the SearchRequest class to keep search-related methods together."
                        },
                        {
                            "method_name": "hasAccepts",
                            "method_signature": "private boolean hasAccepts()",
                            "target_class": "SearchRequest",
                            "rationale": "The hasAccepts method is a utility function that checks for acceptable media types in the context of a search request and should be part of the SearchRequest class."
                        }
                    ],
                    "llm_response_time": 3471
                },
                {
                    "iteration_num": 2,
                    "suggested_move_methods": [
                        {
                            "method_name": "toListOptions",
                            "method_signature": "public ListOptions toListOptions(List<String> hiddenGroups)",
                            "target_class": "SearchRequest",
                            "rationale": "The toListOptions method is closely related to the SearchRequest class, as it constructs list options based on search parameters. Moving it to SearchRequest will enhance cohesion."
                        },
                        {
                            "method_name": "getKeyword",
                            "method_signature": "public Optional<String> getKeyword()",
                            "target_class": "SearchRequest",
                            "rationale": "The getKeyword method is part of the ISearchRequest interface, which is implemented by SearchRequest. Moving it to SearchRequest will improve clarity and organization."
                        },
                        {
                            "method_name": "getUngrouped",
                            "method_signature": "public Optional<Boolean> getUngrouped()",
                            "target_class": "SearchRequest",
                            "rationale": "Similar to getKeyword, the getUngrouped method is specific to search functionality and should reside in the SearchRequest class for better encapsulation."
                        },
                        {
                            "method_name": "getAccepts",
                            "method_signature": "public List<String> getAccepts()",
                            "target_class": "SearchRequest",
                            "rationale": "The getAccepts method is also related to the search functionality and should be moved to the SearchRequest class to maintain a clear separation of concerns."
                        },
                        {
                            "method_name": "getSort",
                            "method_signature": "public Sort getSort()",
                            "target_class": "SearchRequest",
                            "rationale": "The getSort method is part of the search request parameters and should be moved to the SearchRequest class to enhance the logical grouping of related methods."
                        },
                        {
                            "method_name": "hasAccepts",
                            "method_signature": "private boolean hasAccepts()",
                            "target_class": "SearchRequest",
                            "rationale": "The hasAccepts method is a utility function that checks for acceptable media types in the context of a search request, making it more appropriate to reside in the SearchRequest class."
                        }
                    ],
                    "llm_response_time": 3479
                },
                {
                    "iteration_num": 3,
                    "suggested_move_methods": [
                        {
                            "method_name": "toListOptions",
                            "method_signature": "public ListOptions toListOptions(List<String> hiddenGroups)",
                            "target_class": "SearchRequest",
                            "rationale": "The toListOptions method is closely related to the SearchRequest class, as it constructs list options based on search parameters. Moving it to SearchRequest will enhance cohesion."
                        },
                        {
                            "method_name": "getKeyword",
                            "method_signature": "public Optional<String> getKeyword()",
                            "target_class": "SearchRequest",
                            "rationale": "The getKeyword method is part of the ISearchRequest interface, which is implemented by SearchRequest. Moving it to SearchRequest will improve clarity and organization."
                        },
                        {
                            "method_name": "getUngrouped",
                            "method_signature": "public Optional<Boolean> getUngrouped()",
                            "target_class": "SearchRequest",
                            "rationale": "Similar to getKeyword, the getUngrouped method is specific to search functionality and should reside in the SearchRequest class for better encapsulation."
                        },
                        {
                            "method_name": "getAccepts",
                            "method_signature": "public List<String> getAccepts()",
                            "target_class": "SearchRequest",
                            "rationale": "The getAccepts method is also related to the search functionality and should be moved to the SearchRequest class to maintain a clear separation of concerns."
                        },
                        {
                            "method_name": "getSort",
                            "method_signature": "public Sort getSort()",
                            "target_class": "SearchRequest",
                            "rationale": "The getSort method is part of the search request parameters and should be moved to the SearchRequest class to enhance the logical grouping of related methods."
                        },
                        {
                            "method_name": "hasAccepts",
                            "method_signature": "private boolean hasAccepts()",
                            "target_class": "SearchRequest",
                            "rationale": "The hasAccepts method is a utility function that checks for acceptable media types in the context of a search request, making it more appropriate to reside in the SearchRequest class."
                        }
                    ],
                    "llm_response_time": 3261
                },
                {
                    "iteration_num": -1,
                    "suggested_move_methods": [
                        {
                            "method_name": "toListOptions",
                            "method_signature": "public ListOptions toListOptions(List<String> hiddenGroups)",
                            "target_class": "SearchRequest",
                            "rationale": "The toListOptions method is closely related to the SearchRequest class, as it processes search parameters and constructs list options based on them. Moving it to SearchRequest will enhance cohesion."
                        },
                        {
                            "method_name": "getKeyword",
                            "method_signature": "public Optional<String> getKeyword()",
                            "target_class": "SearchRequest",
                            "rationale": "The getKeyword method is specific to the search functionality and should reside in the SearchRequest class to maintain a clear separation of concerns."
                        },
                        {
                            "method_name": "getUngrouped",
                            "method_signature": "public Optional<Boolean> getUngrouped()",
                            "target_class": "SearchRequest",
                            "rationale": "The getUngrouped method is part of the search request parameters and should be moved to the SearchRequest class for better organization and clarity."
                        },
                        {
                            "method_name": "getAccepts",
                            "method_signature": "public List<String> getAccepts()",
                            "target_class": "SearchRequest",
                            "rationale": "The getAccepts method is related to the search functionality and should be part of the SearchRequest class to encapsulate all search-related logic."
                        },
                        {
                            "method_name": "getSort",
                            "method_signature": "public Sort getSort()",
                            "target_class": "SearchRequest",
                            "rationale": "The getSort method is directly related to sorting search results and should be moved to the SearchRequest class to keep search-related methods together."
                        },
                        {
                            "method_name": "hasAccepts",
                            "method_signature": "private boolean hasAccepts()",
                            "target_class": "SearchRequest",
                            "rationale": "The hasAccepts method is a utility function that checks for acceptable media types in the context of a search request and should be part of the SearchRequest class."
                        }
                    ],
                    "llm_response_time": 0
                }
            ],
            "llmMethodPriority": {
                "priority_method_names": [
                    "toListOptions",
                    "getSort",
                    "getKeyword",
                    "getUngrouped",
                    "getAccepts",
                    "hasAccepts"
                ],
                "llm_response_time": 812
            },
            "targetClassMap": {
                "toListOptions": {
                    "target_classes": [],
                    "target_classes_sorted_by_llm": [],
                    "llm_response_time": 1247,
                    "similarity_computation_time": 0,
                    "similarity_metric": "cosine"
                },
                "getSort": {
                    "target_classes": [],
                    "target_classes_sorted_by_llm": [],
                    "llm_response_time": 1037,
                    "similarity_computation_time": 0,
                    "similarity_metric": "cosine"
                },
                "getKeyword": {
                    "target_classes": [],
                    "target_classes_sorted_by_llm": [],
                    "llm_response_time": 1119,
                    "similarity_computation_time": 0,
                    "similarity_metric": "cosine"
                },
                "getUngrouped": {
                    "target_classes": [],
                    "target_classes_sorted_by_llm": [],
                    "llm_response_time": 926,
                    "similarity_computation_time": 0,
                    "similarity_metric": "cosine"
                },
                "getAccepts": {
                    "target_classes": [],
                    "target_classes_sorted_by_llm": [],
                    "llm_response_time": 1104,
                    "similarity_computation_time": 0,
                    "similarity_metric": "cosine"
                },
                "hasAccepts": {
                    "target_classes": [],
                    "target_classes_sorted_by_llm": [],
                    "llm_response_time": 1235,
                    "similarity_computation_time": 0,
                    "similarity_metric": "cosine"
                }
            }
        }
    }
]